id,full_name,first_name,last_name,first_origin,last_origin,first_source_rank,last_source_rank,pair_type,label,rotation
core-00001,Wei Wang,Wei,Wang,C,C,2,1,C_C,0,0
core-00002,Yan Peng,Yan,Peng,C,C,3,38,C_C,0,0
core-00003,Li Qi,Li,Qi,C,C,4,75,C_C,0,0
core-00004,Ying Lu,Ying,Lu,C,C,5,12,C_C,0,0
core-00005,Hui Su,Hui,Su,C,C,6,49,C_C,0,0
core-00006,Lei Wan,Lei,Wan,C,C,7,86,C_C,0,0
core-00007,Hong Gao,Hong,Gao,C,C,8,23,C_C,0,0
core-00008,Yu Meng,Yu,Meng,C,C,9,60,C_C,0,0
core-00009,Min Yi,Min,Yi,C,C,10,97,C_C,0,0
core-00010,Xin Han,Xin,Han,C,C,11,34,C_C,0,0
core-00011,Bin Qin,Bin,Qin,C,C,12,71,C_C,0,0
core-00012,Ping Wu,Ping,Wu,C,C,13,8,C_C,0,0
core-00013,Lin Tian,Lin,Tian,C,C,14,45,C_C,0,0
core-00014,Yong Shao,Yong,Shao,C,C,15,82,C_C,0,0
core-00015,Ming Lin,Ming,Lin,C,C,16,19,C_C,0,0
core-00016,Ling Yin,Ling,Yin,C,C,17,56,C_C,0,0
core-00017,Qing Kang,Qing,Kang,C,C,18,93,C_C,0,0
core-00018,Peng Song,Peng,Song,C,C,19,30,C_C,0,0
core-00019,Qiang Bai,Qiang,Bai,C,C,20,67,C_C,0,0
core-00020,Yun Liu,Yun,Liu,C,C,21,4,C_C,0,0
core-00021,Jin Pan,Jin,Pan,C,C,22,41,C_C,0,0
core-00022,Rong Xiang,Rong,Xiang,C,C,23,78,C_C,0,0
core-00023,Chao He,Chao,He,C,C,24,15,C_C,0,0
core-00024,Gang Jin,Gang,Jin,C,C,25,52,C_C,0,0
core-00025,Yue Qu,Yue,Qu,C,C,26,89,C_C,0,0
core-00026,Jianhua Tang,Jianhua,Tang,C,C,27,26,C_C,0,0
core-00027,Xiaoyan Gu,Xiaoyan,Gu,C,C,28,63,C_C,0,0
core-00028,Na Zhan,Na,Zhan,C,C,29,100,C_C,0,0
core-00029,Liping Ceng,Liping,Ceng,C,C,30,37,C_C,0,0
core-00030,Mei Xue,Mei,Xue,C,C,31,74,C_C,0,0
core-00031,Ning Zhou,Ning,Zhou,C,C,32,11,C_C,0,0
core-00032,Zhen Ye,Zhen,Ye,C,C,33,48,C_C,0,0
core-00033,Chen Guan,Chen,Guan,C,C,34,85,C_C,0,0
core-00034,Kai Luo,Kai,Luo,C,C,35,22,C_C,0,0
core-00035,Cheng Fang,Cheng,Fang,C,C,36,59,C_C,0,0
core-00036,Xiang Ge,Xiang,Ge,C,C,37,96,C_C,0,0
core-00037,Haiyan Deng,Haiyan,Deng,C,C,38,33,C_C,0,0
core-00038,Jianping Xiong,Jianping,Xiong,C,C,39,70,C_C,0,0
core-00039,Lihua Huang,Lihua,Huang,C,C,40,7,C_C,0,0
core-00040,Nan Fan,Nan,Fan,C,C,41,44,C_C,0,0
core-00041,Xiaohong Tao,Xiaohong,Tao,C,C,42,81,C_C,0,0
core-00042,Zhiqiang Hu,Zhiqiang,Hu,C,C,43,18,C_C,0,0
core-00043,Lan Ren,Lan,Ren,C,C,44,55,C_C,0,0
core-00044,Kun Lan,Kun,Lan,C,C,45,92,C_C,0,0
core-00045,Lijun Xie,Lijun,Xie,C,C,46,29,C_C,0,0
core-00046,Xiaoli Xia,Xiaoli,Xia,C,C,47,66,C_C,0,0
core-00047,Jianguo Zhang,Jianguo,Zhang,C,C,48,3,C_C,0,0
core-00048,Jianjun Yuan,Jianjun,Yuan,C,C,49,40,C_C,0,0
core-00049,Xiaoping Duan,Xiaoping,Duan,C,C,50,77,C_C,0,0
core-00050,Meng Sun,Meng,Sun,C,C,51,14,C_C,0,0
core-00051,Tingting Zhong,Tingting,Zhong,C,C,52,51,C_C,0,0
core-00052,Lijuan Hong,Lijuan,Hong,C,C,53,88,C_C,0,0
core-00053,Shan Liang,Shan,Liang,C,C,54,25,C_C,0,0
core-00054,Zhi Wen,Zhi,Wen,C,C,55,62,C_C,0,0
core-00055,Xiaoling Xing,Xiaoling,Xing,C,C,56,99,C_C,0,0
core-00056,Yuanyuan Tan,Yuanyuan,Tan,C,C,57,36,C_C,0,0
core-00057,Xiaodong Gong,Xiaodong,Gong,C,C,58,73,C_C,0,0
core-00058,Xiaoming Zhao,Xiaoming,Zhao,C,C,59,10,C_C,0,0
core-00059,Xing Fu,Xing,Fu,C,C,61,47,C_C,0,0
core-00060,Jingjing Lai,Jingjing,Lai,C,C,62,84,C_C,0,0
core-00061,Zhiyong Guo,Zhiyong,Guo,C,C,63,21,C_C,0,0
core-00062,Yanping Liao,Yanping,Liao,C,C,64,58,C_C,0,0
core-00063,Xiaohua Bao,Xiaohua,Bao,C,C,65,95,C_C,0,0
core-00064,Xuan Yan,Xuan,Yan,C,C,66,32,C_C,0,0
core-00065,Xiaofeng Zou,Xiaofeng,Zou,C,C,67,69,C_C,0,0
core-00066,Jianming Yang,Jianming,Yang,C,C,68,6,C_C,0,0
core-00067,Weidong Cheng,Weidong,Cheng,C,C,69,43,C_C,0,0
core-00068,Di Mao,Di,Mao,C,C,70,80,C_C,0,0
core-00069,Huan Yu,Huan,Yu,C,C,71,17,C_C,0,0
core-00070,Xiaojun Yao,Xiaojun,Yao,C,C,72,54,C_C,0,0
core-00071,Shuang Kong,Shuang,Kong,C,C,73,91,C_C,0,0
core-00072,Qiong Shi,Qiong,Shi,C,C,74,28,C_C,0,0
core-00073,Zhigang Jia,Zhigang,Jia,C,C,75,65,C_C,0,0
core-00074,Xiaoying Li,Xiaoying,Li,C,C,76,2,C_C,0,0
core-00075,Zhiming Xiao,Zhiming,Xiao,C,C,77,39,C_C,0,0
core-00076,Jianfeng Lei,Jianfeng,Lei,C,C,78,76,C_C,0,0
core-00077,Xiaomei Zhu,Xiaomei,Zhu,C,C,79,13,C_C,0,0
core-00078,Xiaohui Du,Xiaohui,Du,C,C,80,50,C_C,0,0
core-00079,Hongmei Qian,Hongmei,Qian,C,C,81,87,C_C,0,0
core-00080,Zhiwei Zheng,Zhiwei,Zheng,C,C,82,24,C_C,0,0
core-00081,Xuemei Dai,Xuemei,Dai,C,C,83,61,C_C,0,0
core-00082,Long Niu,Long,Niu,C,C,84,98,C_C,0,0
core-00083,Chunyan Cao,Chunyan,Cao,C,C,85,35,C_C,0,0
core-00084,Weiwei Ji,Weiwei,Ji,C,C,86,72,C_C,0,0
core-00085,Hongwei Xu,Hongwei,Xu,C,C,87,9,C_C,0,0
core-00086,Dongmei Dong,Dongmei,Dong,C,C,88,46,C_C,0,0
core-00087,Shu Hao,Shu,Hao,C,C,89,83,C_C,0,0
core-00088,Jinhua Jiang,Jinhua,Jiang,C,C,90,20,C_C,0,0
core-00089,Zhihua Cui,Zhihua,Cui,C,C,91,57,C_C,0,0
core-00090,Guoqiang Chang,Guoqiang,Chang,C,C,92,94,C_C,0,0
core-00091,Hai Feng,Hai,Feng,C,C,93,31,C_C,0,0
core-00092,Song Hou,Song,Hou,C,C,94,68,C_C,0,0
core-00093,Hongyan Chen,Hongyan,Chen,C,C,95,5,C_C,0,0
core-00094,Xiaoyu Cai,Xiaoyu,Cai,C,C,96,42,C_C,0,0
core-00095,Jianxin Long,Jianxin,Long,C,C,97,79,C_C,0,0
core-00096,Guohua Ma,Guohua,Ma,C,C,98,16,C_C,0,0
core-00097,Han Ding,Han,Ding,C,C,99,53,C_C,0,0
core-00098,Jianzhong Mo,Jianzhong,Mo,C,C,100,90,C_C,0,0
core-00099,Chun Wei,Chun,Wei,C,C,101,27,C_C,0,0
core-00100,Zhijun Qiu,Zhijun,Qiu,C,C,102,64,C_C,0,0
core-00101,Wei Lu,Wei,Lu,C,C,2,12,C_C,0,1
core-00102,Yan Su,Yan,Su,C,C,3,49,C_C,0,1
core-00103,Li Wan,Li,Wan,C,C,4,86,C_C,0,1
core-00104,Ying Gao,Ying,Gao,C,C,5,23,C_C,0,1
core-00105,Hui Meng,Hui,Meng,C,C,6,60,C_C,0,1
core-00106,Lei Yi,Lei,Yi,C,C,7,97,C_C,0,1
core-00107,Hong Han,Hong,Han,C,C,8,34,C_C,0,1
core-00108,Yu Qin,Yu,Qin,C,C,9,71,C_C,0,1
core-00109,Min Wu,Min,Wu,C,C,10,8,C_C,0,1
core-00110,Xin Tian,Xin,Tian,C,C,11,45,C_C,0,1
core-00111,Bin Shao,Bin,Shao,C,C,12,82,C_C,0,1
core-00112,Ping Lin,Ping,Lin,C,C,13,19,C_C,0,1
core-00113,Lin Yin,Lin,Yin,C,C,14,56,C_C,0,1
core-00114,Yong Kang,Yong,Kang,C,C,15,93,C_C,0,1
core-00115,Ming Song,Ming,Song,C,C,16,30,C_C,0,1
core-00116,Ling Bai,Ling,Bai,C,C,17,67,C_C,0,1
core-00117,Qing Liu,Qing,Liu,C,C,18,4,C_C,0,1
core-00118,Peng Pan,Peng,Pan,C,C,19,41,C_C,0,1
core-00119,Qiang Xiang,Qiang,Xiang,C,C,20,78,C_C,0,1
core-00120,Yun He,Yun,He,C,C,21,15,C_C,0,1
core-00121,Jin Jin,Jin,Jin,C,C,22,52,C_C,0,1
core-00122,Rong Qu,Rong,Qu,C,C,23,89,C_C,0,1
core-00123,Chao Tang,Chao,Tang,C,C,24,26,C_C,0,1
core-00124,Gang Gu,Gang,Gu,C,C,25,63,C_C,0,1
core-00125,Yue Zhan,Yue,Zhan,C,C,26,100,C_C,0,1
core-00126,Jianhua Ceng,Jianhua,Ceng,C,C,27,37,C_C,0,1
core-00127,Xiaoyan Xue,Xiaoyan,Xue,C,C,28,74,C_C,0,1
core-00128,Na Zhou,Na,Zhou,C,C,29,11,C_C,0,1
core-00129,Liping Ye,Liping,Ye,C,C,30,48,C_C,0,1
core-00130,Mei Guan,Mei,Guan,C,C,31,85,C_C,0,1
core-00131,Ning Luo,Ning,Luo,C,C,32,22,C_C,0,1
core-00132,Zhen Fang,Zhen,Fang,C,C,33,59,C_C,0,1
core-00133,Chen Ge,Chen,Ge,C,C,34,96,C_C,0,1
core-00134,Kai Deng,Kai,Deng,C,C,35,33,C_C,0,1
core-00135,Cheng Xiong,Cheng,Xiong,C,C,36,70,C_C,0,1
core-00136,Xiang Huang,Xiang,Huang,C,C,37,7,C_C,0,1
core-00137,Haiyan Fan,Haiyan,Fan,C,C,38,44,C_C,0,1
core-00138,Jianping Tao,Jianping,Tao,C,C,39,81,C_C,0,1
core-00139,Lihua Hu,Lihua,Hu,C,C,40,18,C_C,0,1
core-00140,Nan Ren,Nan,Ren,C,C,41,55,C_C,0,1
core-00141,Xiaohong Lan,Xiaohong,Lan,C,C,42,92,C_C,0,1
core-00142,Zhiqiang Xie,Zhiqiang,Xie,C,C,43,29,C_C,0,1
core-00143,Lan Xia,Lan,Xia,C,C,44,66,C_C,0,1
core-00144,Kun Zhang,Kun,Zhang,C,C,45,3,C_C,0,1
core-00145,Lijun Yuan,Lijun,Yuan,C,C,46,40,C_C,0,1
core-00146,Xiaoli Duan,Xiaoli,Duan,C,C,47,77,C_C,0,1
core-00147,Jianguo Sun,Jianguo,Sun,C,C,48,14,C_C,0,1
core-00148,Jianjun Zhong,Jianjun,Zhong,C,C,49,51,C_C,0,1
core-00149,Xiaoping Hong,Xiaoping,Hong,C,C,50,88,C_C,0,1
core-00150,Meng Liang,Meng,Liang,C,C,51,25,C_C,0,1
core-00151,Tingting Wen,Tingting,Wen,C,C,52,62,C_C,0,1
core-00152,Lijuan Xing,Lijuan,Xing,C,C,53,99,C_C,0,1
core-00153,Shan Tan,Shan,Tan,C,C,54,36,C_C,0,1
core-00154,Zhi Gong,Zhi,Gong,C,C,55,73,C_C,0,1
core-00155,Xiaoling Zhao,Xiaoling,Zhao,C,C,56,10,C_C,0,1
core-00156,Yuanyuan Fu,Yuanyuan,Fu,C,C,57,47,C_C,0,1
core-00157,Xiaodong Lai,Xiaodong,Lai,C,C,58,84,C_C,0,1
core-00158,Xiaoming Guo,Xiaoming,Guo,C,C,59,21,C_C,0,1
core-00159,Xing Liao,Xing,Liao,C,C,61,58,C_C,0,1
core-00160,Jingjing Bao,Jingjing,Bao,C,C,62,95,C_C,0,1
core-00161,Zhiyong Yan,Zhiyong,Yan,C,C,63,32,C_C,0,1
core-00162,Yanping Zou,Yanping,Zou,C,C,64,69,C_C,0,1
core-00163,Xiaohua Yang,Xiaohua,Yang,C,C,65,6,C_C,0,1
core-00164,Xuan Cheng,Xuan,Cheng,C,C,66,43,C_C,0,1
core-00165,Xiaofeng Mao,Xiaofeng,Mao,C,C,67,80,C_C,0,1
core-00166,Jianming Yu,Jianming,Yu,C,C,68,17,C_C,0,1
core-00167,Weidong Yao,Weidong,Yao,C,C,69,54,C_C,0,1
core-00168,Di Kong,Di,Kong,C,C,70,91,C_C,0,1
core-00169,Huan Shi,Huan,Shi,C,C,71,28,C_C,0,1
core-00170,Xiaojun Jia,Xiaojun,Jia,C,C,72,65,C_C,0,1
core-00171,Shuang Li,Shuang,Li,C,C,73,2,C_C,0,1
core-00172,Qiong Xiao,Qiong,Xiao,C,C,74,39,C_C,0,1
core-00173,Zhigang Lei,Zhigang,Lei,C,C,75,76,C_C,0,1
core-00174,Xiaoying Zhu,Xiaoying,Zhu,C,C,76,13,C_C,0,1
core-00175,Zhiming Du,Zhiming,Du,C,C,77,50,C_C,0,1
core-00176,Jianfeng Qian,Jianfeng,Qian,C,C,78,87,C_C,0,1
core-00177,Xiaomei Zheng,Xiaomei,Zheng,C,C,79,24,C_C,0,1
core-00178,Xiaohui Dai,Xiaohui,Dai,C,C,80,61,C_C,0,1
core-00179,Hongmei Niu,Hongmei,Niu,C,C,81,98,C_C,0,1
core-00180,Zhiwei Cao,Zhiwei,Cao,C,C,82,35,C_C,0,1
core-00181,Xuemei Ji,Xuemei,Ji,C,C,83,72,C_C,0,1
core-00182,Long Xu,Long,Xu,C,C,84,9,C_C,0,1
core-00183,Chunyan Dong,Chunyan,Dong,C,C,85,46,C_C,0,1
core-00184,Weiwei Hao,Weiwei,Hao,C,C,86,83,C_C,0,1
core-00185,Hongwei Jiang,Hongwei,Jiang,C,C,87,20,C_C,0,1
core-00186,Dongmei Cui,Dongmei,Cui,C,C,88,57,C_C,0,1
core-00187,Shu Chang,Shu,Chang,C,C,89,94,C_C,0,1
core-00188,Jinhua Feng,Jinhua,Feng,C,C,90,31,C_C,0,1
core-00189,Zhihua Hou,Zhihua,Hou,C,C,91,68,C_C,0,1
core-00190,Guoqiang Chen,Guoqiang,Chen,C,C,92,5,C_C,0,1
core-00191,Hai Cai,Hai,Cai,C,C,93,42,C_C,0,1
core-00192,Song Long,Song,Long,C,C,94,79,C_C,0,1
core-00193,Hongyan Ma,Hongyan,Ma,C,C,95,16,C_C,0,1
core-00194,Xiaoyu Ding,Xiaoyu,Ding,C,C,96,53,C_C,0,1
core-00195,Jianxin Mo,Jianxin,Mo,C,C,97,90,C_C,0,1
core-00196,Guohua Wei,Guohua,Wei,C,C,98,27,C_C,0,1
core-00197,Han Qiu,Han,Qiu,C,C,99,64,C_C,0,1
core-00198,Jianzhong Wang,Jianzhong,Wang,C,C,100,1,C_C,0,1
core-00199,Chun Peng,Chun,Peng,C,C,101,38,C_C,0,1
core-00200,Zhijun Qi,Zhijun,Qi,C,C,102,75,C_C,0,1
core-00201,Wei Gao,Wei,Gao,C,C,2,23,C_C,0,2
core-00202,Yan Meng,Yan,Meng,C,C,3,60,C_C,0,2
core-00203,Li Yi,Li,Yi,C,C,4,97,C_C,0,2
core-00204,Ying Han,Ying,Han,C,C,5,34,C_C,0,2
core-00205,Hui Qin,Hui,Qin,C,C,6,71,C_C,0,2
core-00206,Lei Wu,Lei,Wu,C,C,7,8,C_C,0,2
core-00207,Hong Tian,Hong,Tian,C,C,8,45,C_C,0,2
core-00208,Yu Shao,Yu,Shao,C,C,9,82,C_C,0,2
core-00209,Min Lin,Min,Lin,C,C,10,19,C_C,0,2
core-00210,Xin Yin,Xin,Yin,C,C,11,56,C_C,0,2
core-00211,Bin Kang,Bin,Kang,C,C,12,93,C_C,0,2
core-00212,Ping Song,Ping,Song,C,C,13,30,C_C,0,2
core-00213,Lin Bai,Lin,Bai,C,C,14,67,C_C,0,2
core-00214,Yong Liu,Yong,Liu,C,C,15,4,C_C,0,2
core-00215,Ming Pan,Ming,Pan,C,C,16,41,C_C,0,2
core-00216,Ling Xiang,Ling,Xiang,C,C,17,78,C_C,0,2
core-00217,Qing He,Qing,He,C,C,18,15,C_C,0,2
core-00218,Peng Jin,Peng,Jin,C,C,19,52,C_C,0,2
core-00219,Qiang Qu,Qiang,Qu,C,C,20,89,C_C,0,2
core-00220,Yun Tang,Yun,Tang,C,C,21,26,C_C,0,2
core-00221,Jin Gu,Jin,Gu,C,C,22,63,C_C,0,2
core-00222,Rong Zhan,Rong,Zhan,C,C,23,100,C_C,0,2
core-00223,Chao Ceng,Chao,Ceng,C,C,24,37,C_C,0,2
core-00224,Gang Xue,Gang,Xue,C,C,25,74,C_C,0,2
core-00225,Yue Zhou,Yue,Zhou,C,C,26,11,C_C,0,2
core-00226,Jianhua Ye,Jianhua,Ye,C,C,27,48,C_C,0,2
core-00227,Xiaoyan Guan,Xiaoyan,Guan,C,C,28,85,C_C,0,2
core-00228,Na Luo,Na,Luo,C,C,29,22,C_C,0,2
core-00229,Liping Fang,Liping,Fang,C,C,30,59,C_C,0,2
core-00230,Mei Ge,Mei,Ge,C,C,31,96,C_C,0,2
core-00231,Ning Deng,Ning,Deng,C,C,32,33,C_C,0,2
core-00232,Zhen Xiong,Zhen,Xiong,C,C,33,70,C_C,0,2
core-00233,Chen Huang,Chen,Huang,C,C,34,7,C_C,0,2
core-00234,Kai Fan,Kai,Fan,C,C,35,44,C_C,0,2
core-00235,Cheng Tao,Cheng,Tao,C,C,36,81,C_C,0,2
core-00236,Xiang Hu,Xiang,Hu,C,C,37,18,C_C,0,2
core-00237,Haiyan Ren,Haiyan,Ren,C,C,38,55,C_C,0,2
core-00238,Jianping Lan,Jianping,Lan,C,C,39,92,C_C,0,2
core-00239,Lihua Xie,Lihua,Xie,C,C,40,29,C_C,0,2
core-00240,Nan Xia,Nan,Xia,C,C,41,66,C_C,0,2
core-00241,Xiaohong Zhang,Xiaohong,Zhang,C,C,42,3,C_C,0,2
core-00242,Zhiqiang Yuan,Zhiqiang,Yuan,C,C,43,40,C_C,0,2
core-00243,Lan Duan,Lan,Duan,C,C,44,77,C_C,0,2
core-00244,Kun Sun,Kun,Sun,C,C,45,14,C_C,0,2
core-00245,Lijun Zhong,Lijun,Zhong,C,C,46,51,C_C,0,2
core-00246,Xiaoli Hong,Xiaoli,Hong,C,C,47,88,C_C,0,2
core-00247,Jianguo Liang,Jianguo,Liang,C,C,48,25,C_C,0,2
core-00248,Jianjun Wen,Jianjun,Wen,C,C,49,62,C_C,0,2
core-00249,Xiaoping Xing,Xiaoping,Xing,C,C,50,99,C_C,0,2
core-00250,Meng Tan,Meng,Tan,C,C,51,36,C_C,0,2
core-00251,Tingting Gong,Tingting,Gong,C,C,52,73,C_C,0,2
core-00252,Lijuan Zhao,Lijuan,Zhao,C,C,53,10,C_C,0,2
core-00253,Shan Fu,Shan,Fu,C,C,54,47,C_C,0,2
core-00254,Zhi Lai,Zhi,Lai,C,C,55,84,C_C,0,2
core-00255,Xiaoling Guo,Xiaoling,Guo,C,C,56,21,C_C,0,2
core-00256,Yuanyuan Liao,Yuanyuan,Liao,C,C,57,58,C_C,0,2
core-00257,Xiaodong Bao,Xiaodong,Bao,C,C,58,95,C_C,0,2
core-00258,Xiaoming Yan,Xiaoming,Yan,C,C,59,32,C_C,0,2
core-00259,Xing Zou,Xing,Zou,C,C,61,69,C_C,0,2
core-00260,Jingjing Yang,Jingjing,Yang,C,C,62,6,C_C,0,2
core-00261,Zhiyong Cheng,Zhiyong,Cheng,C,C,63,43,C_C,0,2
core-00262,Yanping Mao,Yanping,Mao,C,C,64,80,C_C,0,2
core-00263,Xiaohua Yu,Xiaohua,Yu,C,C,65,17,C_C,0,2
core-00264,Xuan Yao,Xuan,Yao,C,C,66,54,C_C,0,2
core-00265,Xiaofeng Kong,Xiaofeng,Kong,C,C,67,91,C_C,0,2
core-00266,Jianming Shi,Jianming,Shi,C,C,68,28,C_C,0,2
core-00267,Weidong Jia,Weidong,Jia,C,C,69,65,C_C,0,2
core-00268,Di Li,Di,Li,C,C,70,2,C_C,0,2
core-00269,Huan Xiao,Huan,Xiao,C,C,71,39,C_C,0,2
core-00270,Xiaojun Lei,Xiaojun,Lei,C,C,72,76,C_C,0,2
core-00271,Shuang Zhu,Shuang,Zhu,C,C,73,13,C_C,0,2
core-00272,Qiong Du,Qiong,Du,C,C,74,50,C_C,0,2
core-00273,Zhigang Qian,Zhigang,Qian,C,C,75,87,C_C,0,2
core-00274,Xiaoying Zheng,Xiaoying,Zheng,C,C,76,24,C_C,0,2
core-00275,Zhiming Dai,Zhiming,Dai,C,C,77,61,C_C,0,2
core-00276,Jianfeng Niu,Jianfeng,Niu,C,C,78,98,C_C,0,2
core-00277,Xiaomei Cao,Xiaomei,Cao,C,C,79,35,C_C,0,2
core-00278,Xiaohui Ji,Xiaohui,Ji,C,C,80,72,C_C,0,2
core-00279,Hongmei Xu,Hongmei,Xu,C,C,81,9,C_C,0,2
core-00280,Zhiwei Dong,Zhiwei,Dong,C,C,82,46,C_C,0,2
core-00281,Xuemei Hao,Xuemei,Hao,C,C,83,83,C_C,0,2
core-00282,Long Jiang,Long,Jiang,C,C,84,20,C_C,0,2
core-00283,Chunyan Cui,Chunyan,Cui,C,C,85,57,C_C,0,2
core-00284,Weiwei Chang,Weiwei,Chang,C,C,86,94,C_C,0,2
core-00285,Hongwei Feng,Hongwei,Feng,C,C,87,31,C_C,0,2
core-00286,Dongmei Hou,Dongmei,Hou,C,C,88,68,C_C,0,2
core-00287,Shu Chen,Shu,Chen,C,C,89,5,C_C,0,2
core-00288,Jinhua Cai,Jinhua,Cai,C,C,90,42,C_C,0,2
core-00289,Zhihua Long,Zhihua,Long,C,C,91,79,C_C,0,2
core-00290,Guoqiang Ma,Guoqiang,Ma,C,C,92,16,C_C,0,2
core-00291,Hai Ding,Hai,Ding,C,C,93,53,C_C,0,2
core-00292,Song Mo,Song,Mo,C,C,94,90,C_C,0,2
core-00293,Hongyan Wei,Hongyan,Wei,C,C,95,27,C_C,0,2
core-00294,Xiaoyu Qiu,Xiaoyu,Qiu,C,C,96,64,C_C,0,2
core-00295,Jianxin Wang,Jianxin,Wang,C,C,97,1,C_C,0,2
core-00296,Guohua Peng,Guohua,Peng,C,C,98,38,C_C,0,2
core-00297,Han Qi,Han,Qi,C,C,99,75,C_C,0,2
core-00298,Jianzhong Lu,Jianzhong,Lu,C,C,100,12,C_C,0,2
core-00299,Chun Su,Chun,Su,C,C,101,49,C_C,0,2
core-00300,Zhijun Wan,Zhijun,Wan,C,C,102,86,C_C,0,2
core-00301,Wei Han,Wei,Han,C,C,2,34,C_C,0,3
core-00302,Yan Qin,Yan,Qin,C,C,3,71,C_C,0,3
core-00303,Li Wu,Li,Wu,C,C,4,8,C_C,0,3
core-00304,Ying Tian,Ying,Tian,C,C,5,45,C_C,0,3
core-00305,Hui Shao,Hui,Shao,C,C,6,82,C_C,0,3
core-00306,Lei Lin,Lei,Lin,C,C,7,19,C_C,0,3
core-00307,Hong Yin,Hong,Yin,C,C,8,56,C_C,0,3
core-00308,Yu Kang,Yu,Kang,C,C,9,93,C_C,0,3
core-00309,Min Song,Min,Song,C,C,10,30,C_C,0,3
core-00310,Xin Bai,Xin,Bai,C,C,11,67,C_C,0,3
core-00311,Bin Liu,Bin,Liu,C,C,12,4,C_C,0,3
core-00312,Ping Pan,Ping,Pan,C,C,13,41,C_C,0,3
core-00313,Lin Xiang,Lin,Xiang,C,C,14,78,C_C,0,3
core-00314,Yong He,Yong,He,C,C,15,15,C_C,0,3
core-00315,Ming Jin,Ming,Jin,C,C,16,52,C_C,0,3
core-00316,Ling Qu,Ling,Qu,C,C,17,89,C_C,0,3
core-00317,Qing Tang,Qing,Tang,C,C,18,26,C_C,0,3
core-00318,Peng Gu,Peng,Gu,C,C,19,63,C_C,0,3
core-00319,Qiang Zhan,Qiang,Zhan,C,C,20,100,C_C,0,3
core-00320,Yun Ceng,Yun,Ceng,C,C,21,37,C_C,0,3
core-00321,Jin Xue,Jin,Xue,C,C,22,74,C_C,0,3
core-00322,Rong Zhou,Rong,Zhou,C,C,23,11,C_C,0,3
core-00323,Chao Ye,Chao,Ye,C,C,24,48,C_C,0,3
core-00324,Gang Guan,Gang,Guan,C,C,25,85,C_C,0,3
core-00325,Yue Luo,Yue,Luo,C,C,26,22,C_C,0,3
core-00326,Jianhua Fang,Jianhua,Fang,C,C,27,59,C_C,0,3
core-00327,Xiaoyan Ge,Xiaoyan,Ge,C,C,28,96,C_C,0,3
core-00328,Na Deng,Na,Deng,C,C,29,33,C_C,0,3
core-00329,Liping Xiong,Liping,Xiong,C,C,30,70,C_C,0,3
core-00330,Mei Huang,Mei,Huang,C,C,31,7,C_C,0,3
core-00331,Ning Fan,Ning,Fan,C,C,32,44,C_C,0,3
core-00332,Zhen Tao,Zhen,Tao,C,C,33,81,C_C,0,3
core-00333,Chen Hu,Chen,Hu,C,C,34,18,C_C,0,3
core-00334,Kai Ren,Kai,Ren,C,C,35,55,C_C,0,3
core-00335,Cheng Lan,Cheng,Lan,C,C,36,92,C_C,0,3
core-00336,Xiang Xie,Xiang,Xie,C,C,37,29,C_C,0,3
core-00337,Haiyan Xia,Haiyan,Xia,C,C,38,66,C_C,0,3
core-00338,Jianping Zhang,Jianping,Zhang,C,C,39,3,C_C,0,3
core-00339,Lihua Yuan,Lihua,Yuan,C,C,40,40,C_C,0,3
core-00340,Nan Duan,Nan,Duan,C,C,41,77,C_C,0,3
core-00341,Xiaohong Sun,Xiaohong,Sun,C,C,42,14,C_C,0,3
core-00342,Zhiqiang Zhong,Zhiqiang,Zhong,C,C,43,51,C_C,0,3
core-00343,Lan Hong,Lan,Hong,C,C,44,88,C_C,0,3
core-00344,Kun Liang,Kun,Liang,C,C,45,25,C_C,0,3
core-00345,Lijun Wen,Lijun,Wen,C,C,46,62,C_C,0,3
core-00346,Xiaoli Xing,Xiaoli,Xing,C,C,47,99,C_C,0,3
core-00347,Jianguo Tan,Jianguo,Tan,C,C,48,36,C_C,0,3
core-00348,Jianjun Gong,Jianjun,Gong,C,C,49,73,C_C,0,3
core-00349,Xiaoping Zhao,Xiaoping,Zhao,C,C,50,10,C_C,0,3
core-00350,Meng Fu,Meng,Fu,C,C,51,47,C_C,0,3
core-00351,Tingting Lai,Tingting,Lai,C,C,52,84,C_C,0,3
core-00352,Lijuan Guo,Lijuan,Guo,C,C,53,21,C_C,0,3
core-00353,Shan Liao,Shan,Liao,C,C,54,58,C_C,0,3
core-00354,Zhi Bao,Zhi,Bao,C,C,55,95,C_C,0,3
core-00355,Xiaoling Yan,Xiaoling,Yan,C,C,56,32,C_C,0,3
core-00356,Yuanyuan Zou,Yuanyuan,Zou,C,C,57,69,C_C,0,3
core-00357,Xiaodong Yang,Xiaodong,Yang,C,C,58,6,C_C,0,3
core-00358,Xiaoming Cheng,Xiaoming,Cheng,C,C,59,43,C_C,0,3
core-00359,Xing Mao,Xing,Mao,C,C,61,80,C_C,0,3
core-00360,Jingjing Yu,Jingjing,Yu,C,C,62,17,C_C,0,3
core-00361,Zhiyong Yao,Zhiyong,Yao,C,C,63,54,C_C,0,3
core-00362,Yanping Kong,Yanping,Kong,C,C,64,91,C_C,0,3
core-00363,Xiaohua Shi,Xiaohua,Shi,C,C,65,28,C_C,0,3
core-00364,Xuan Jia,Xuan,Jia,C,C,66,65,C_C,0,3
core-00365,Xiaofeng Li,Xiaofeng,Li,C,C,67,2,C_C,0,3
core-00366,Jianming Xiao,Jianming,Xiao,C,C,68,39,C_C,0,3
core-00367,Weidong Lei,Weidong,Lei,C,C,69,76,C_C,0,3
core-00368,Di Zhu,Di,Zhu,C,C,70,13,C_C,0,3
core-00369,Huan Du,Huan,Du,C,C,71,50,C_C,0,3
core-00370,Xiaojun Qian,Xiaojun,Qian,C,C,72,87,C_C,0,3
core-00371,Shuang Zheng,Shuang,Zheng,C,C,73,24,C_C,0,3
core-00372,Qiong Dai,Qiong,Dai,C,C,74,61,C_C,0,3
core-00373,Zhigang Niu,Zhigang,Niu,C,C,75,98,C_C,0,3
core-00374,Xiaoying Cao,Xiaoying,Cao,C,C,76,35,C_C,0,3
core-00375,Zhiming Ji,Zhiming,Ji,C,C,77,72,C_C,0,3
core-00376,Jianfeng Xu,Jianfeng,Xu,C,C,78,9,C_C,0,3
core-00377,Xiaomei Dong,Xiaomei,Dong,C,C,79,46,C_C,0,3
core-00378,Xiaohui Hao,Xiaohui,Hao,C,C,80,83,C_C,0,3
core-00379,Hongmei Jiang,Hongmei,Jiang,C,C,81,20,C_C,0,3
core-00380,Zhiwei Cui,Zhiwei,Cui,C,C,82,57,C_C,0,3
core-00381,Xuemei Chang,Xuemei,Chang,C,C,83,94,C_C,0,3
core-00382,Long Feng,Long,Feng,C,C,84,31,C_C,0,3
core-00383,Chunyan Hou,Chunyan,Hou,C,C,85,68,C_C,0,3
core-00384,Weiwei Chen,Weiwei,Chen,C,C,86,5,C_C,0,3
core-00385,Hongwei Cai,Hongwei,Cai,C,C,87,42,C_C,0,3
core-00386,Dongmei Long,Dongmei,Long,C,C,88,79,C_C,0,3
core-00387,Shu Ma,Shu,Ma,C,C,89,16,C_C,0,3
core-00388,Jinhua Ding,Jinhua,Ding,C,C,90,53,C_C,0,3
core-00389,Zhihua Mo,Zhihua,Mo,C,C,91,90,C_C,0,3
core-00390,Guoqiang Wei,Guoqiang,Wei,C,C,92,27,C_C,0,3
core-00391,Hai Qiu,Hai,Qiu,C,C,93,64,C_C,0,3
core-00392,Song Wang,Song,Wang,C,C,94,1,C_C,0,3
core-00393,Hongyan Peng,Hongyan,Peng,C,C,95,38,C_C,0,3
core-00394,Xiaoyu Qi,Xiaoyu,Qi,C,C,96,75,C_C,0,3
core-00395,Jianxin Lu,Jianxin,Lu,C,C,97,12,C_C,0,3
core-00396,Guohua Su,Guohua,Su,C,C,98,49,C_C,0,3
core-00397,Han Wan,Han,Wan,C,C,99,86,C_C,0,3
core-00398,Jianzhong Gao,Jianzhong,Gao,C,C,100,23,C_C,0,3
core-00399,Chun Meng,Chun,Meng,C,C,101,60,C_C,0,3
core-00400,Zhijun Yi,Zhijun,Yi,C,C,102,97,C_C,0,3
core-00401,Wei Tian,Wei,Tian,C,C,2,45,C_C,0,4
core-00402,Yan Shao,Yan,Shao,C,C,3,82,C_C,0,4
core-00403,Li Lin,Li,Lin,C,C,4,19,C_C,0,4
core-00404,Ying Yin,Ying,Yin,C,C,5,56,C_C,0,4
core-00405,Hui Kang,Hui,Kang,C,C,6,93,C_C,0,4
core-00406,Lei Song,Lei,Song,C,C,7,30,C_C,0,4
core-00407,Hong Bai,Hong,Bai,C,C,8,67,C_C,0,4
core-00408,Yu Liu,Yu,Liu,C,C,9,4,C_C,0,4
core-00409,Min Pan,Min,Pan,C,C,10,41,C_C,0,4
core-00410,Xin Xiang,Xin,Xiang,C,C,11,78,C_C,0,4
core-00411,Bin He,Bin,He,C,C,12,15,C_C,0,4
core-00412,Ping Jin,Ping,Jin,C,C,13,52,C_C,0,4
core-00413,Lin Qu,Lin,Qu,C,C,14,89,C_C,0,4
core-00414,Yong Tang,Yong,Tang,C,C,15,26,C_C,0,4
core-00415,Ming Gu,Ming,Gu,C,C,16,63,C_C,0,4
core-00416,Ling Zhan,Ling,Zhan,C,C,17,100,C_C,0,4
core-00417,Qing Ceng,Qing,Ceng,C,C,18,37,C_C,0,4
core-00418,Peng Xue,Peng,Xue,C,C,19,74,C_C,0,4
core-00419,Qiang Zhou,Qiang,Zhou,C,C,20,11,C_C,0,4
core-00420,Yun Ye,Yun,Ye,C,C,21,48,C_C,0,4
core-00421,Jin Guan,Jin,Guan,C,C,22,85,C_C,0,4
core-00422,Rong Luo,Rong,Luo,C,C,23,22,C_C,0,4
core-00423,Chao Fang,Chao,Fang,C,C,24,59,C_C,0,4
core-00424,Gang Ge,Gang,Ge,C,C,25,96,C_C,0,4
core-00425,Yue Deng,Yue,Deng,C,C,26,33,C_C,0,4
core-00426,Jianhua Xiong,Jianhua,Xiong,C,C,27,70,C_C,0,4
core-00427,Xiaoyan Huang,Xiaoyan,Huang,C,C,28,7,C_C,0,4
core-00428,Na Fan,Na,Fan,C,C,29,44,C_C,0,4
core-00429,Liping Tao,Liping,Tao,C,C,30,81,C_C,0,4
core-00430,Mei Hu,Mei,Hu,C,C,31,18,C_C,0,4
core-00431,Ning Ren,Ning,Ren,C,C,32,55,C_C,0,4
core-00432,Zhen Lan,Zhen,Lan,C,C,33,92,C_C,0,4
core-00433,Chen Xie,Chen,Xie,C,C,34,29,C_C,0,4
core-00434,Kai Xia,Kai,Xia,C,C,35,66,C_C,0,4
core-00435,Cheng Zhang,Cheng,Zhang,C,C,36,3,C_C,0,4
core-00436,Xiang Yuan,Xiang,Yuan,C,C,37,40,C_C,0,4
core-00437,Haiyan Duan,Haiyan,Duan,C,C,38,77,C_C,0,4
core-00438,Jianping Sun,Jianping,Sun,C,C,39,14,C_C,0,4
core-00439,Lihua Zhong,Lihua,Zhong,C,C,40,51,C_C,0,4
core-00440,Nan Hong,Nan,Hong,C,C,41,88,C_C,0,4
core-00441,Xiaohong Liang,Xiaohong,Liang,C,C,42,25,C_C,0,4
core-00442,Zhiqiang Wen,Zhiqiang,Wen,C,C,43,62,C_C,0,4
core-00443,Lan Xing,Lan,Xing,C,C,44,99,C_C,0,4
core-00444,Kun Tan,Kun,Tan,C,C,45,36,C_C,0,4
core-00445,Lijun Gong,Lijun,Gong,C,C,46,73,C_C,0,4
core-00446,Xiaoli Zhao,Xiaoli,Zhao,C,C,47,10,C_C,0,4
core-00447,Jianguo Fu,Jianguo,Fu,C,C,48,47,C_C,0,4
core-00448,Jianjun Lai,Jianjun,Lai,C,C,49,84,C_C,0,4
core-00449,Xiaoping Guo,Xiaoping,Guo,C,C,50,21,C_C,0,4
core-00450,Meng Liao,Meng,Liao,C,C,51,58,C_C,0,4
core-00451,Tingting Bao,Tingting,Bao,C,C,52,95,C_C,0,4
core-00452,Lijuan Yan,Lijuan,Yan,C,C,53,32,C_C,0,4
core-00453,Shan Zou,Shan,Zou,C,C,54,69,C_C,0,4
core-00454,Zhi Yang,Zhi,Yang,C,C,55,6,C_C,0,4
core-00455,Xiaoling Cheng,Xiaoling,Cheng,C,C,56,43,C_C,0,4
core-00456,Yuanyuan Mao,Yuanyuan,Mao,C,C,57,80,C_C,0,4
core-00457,Xiaodong Yu,Xiaodong,Yu,C,C,58,17,C_C,0,4
core-00458,Xiaoming Yao,Xiaoming,Yao,C,C,59,54,C_C,0,4
core-00459,Xing Kong,Xing,Kong,C,C,61,91,C_C,0,4
core-00460,Jingjing Shi,Jingjing,Shi,C,C,62,28,C_C,0,4
core-00461,Zhiyong Jia,Zhiyong,Jia,C,C,63,65,C_C,0,4
core-00462,Yanping Li,Yanping,Li,C,C,64,2,C_C,0,4
core-00463,Xiaohua Xiao,Xiaohua,Xiao,C,C,65,39,C_C,0,4
core-00464,Xuan Lei,Xuan,Lei,C,C,66,76,C_C,0,4
core-00465,Xiaofeng Zhu,Xiaofeng,Zhu,C,C,67,13,C_C,0,4
core-00466,Jianming Du,Jianming,Du,C,C,68,50,C_C,0,4
core-00467,Weidong Qian,Weidong,Qian,C,C,69,87,C_C,0,4
core-00468,Di Zheng,Di,Zheng,C,C,70,24,C_C,0,4
core-00469,Huan Dai,Huan,Dai,C,C,71,61,C_C,0,4
core-00470,Xiaojun Niu,Xiaojun,Niu,C,C,72,98,C_C,0,4
core-00471,Shuang Cao,Shuang,Cao,C,C,73,35,C_C,0,4
core-00472,Qiong Ji,Qiong,Ji,C,C,74,72,C_C,0,4
core-00473,Zhigang Xu,Zhigang,Xu,C,C,75,9,C_C,0,4
core-00474,Xiaoying Dong,Xiaoying,Dong,C,C,76,46,C_C,0,4
core-00475,Zhiming Hao,Zhiming,Hao,C,C,77,83,C_C,0,4
core-00476,Jianfeng Jiang,Jianfeng,Jiang,C,C,78,20,C_C,0,4
core-00477,Xiaomei Cui,Xiaomei,Cui,C,C,79,57,C_C,0,4
core-00478,Xiaohui Chang,Xiaohui,Chang,C,C,80,94,C_C,0,4
core-00479,Hongmei Feng,Hongmei,Feng,C,C,81,31,C_C,0,4
core-00480,Zhiwei Hou,Zhiwei,Hou,C,C,82,68,C_C,0,4
core-00481,Xuemei Chen,Xuemei,Chen,C,C,83,5,C_C,0,4
core-00482,Long Cai,Long,Cai,C,C,84,42,C_C,0,4
core-00483,Chunyan Long,Chunyan,Long,C,C,85,79,C_C,0,4
core-00484,Weiwei Ma,Weiwei,Ma,C,C,86,16,C_C,0,4
core-00485,Hongwei Ding,Hongwei,Ding,C,C,87,53,C_C,0,4
core-00486,Dongmei Mo,Dongmei,Mo,C,C,88,90,C_C,0,4
core-00487,Shu Wei,Shu,Wei,C,C,89,27,C_C,0,4
core-00488,Jinhua Qiu,Jinhua,Qiu,C,C,90,64,C_C,0,4
core-00489,Zhihua Wang,Zhihua,Wang,C,C,91,1,C_C,0,4
core-00490,Guoqiang Peng,Guoqiang,Peng,C,C,92,38,C_C,0,4
core-00491,Hai Qi,Hai,Qi,C,C,93,75,C_C,0,4
core-00492,Song Lu,Song,Lu,C,C,94,12,C_C,0,4
core-00493,Hongyan Su,Hongyan,Su,C,C,95,49,C_C,0,4
core-00494,Xiaoyu Wan,Xiaoyu,Wan,C,C,96,86,C_C,0,4
core-00495,Jianxin Gao,Jianxin,Gao,C,C,97,23,C_C,0,4
core-00496,Guohua Meng,Guohua,Meng,C,C,98,60,C_C,0,4
core-00497,Han Yi,Han,Yi,C,C,99,97,C_C,0,4
core-00498,Jianzhong Han,Jianzhong,Han,C,C,100,34,C_C,0,4
core-00499,Chun Qin,Chun,Qin,C,C,101,71,C_C,0,4
core-00500,Zhijun Wu,Zhijun,Wu,C,C,102,8,C_C,0,4
core-00501,Wei Yin,Wei,Yin,C,C,2,56,C_C,0,5
core-00502,Yan Kang,Yan,Kang,C,C,3,93,C_C,0,5
core-00503,Li Song,Li,Song,C,C,4,30,C_C,0,5
core-00504,Ying Bai,Ying,Bai,C,C,5,67,C_C,0,5
core-00505,Hui Liu,Hui,Liu,C,C,6,4,C_C,0,5
core-00506,Lei Pan,Lei,Pan,C,C,7,41,C_C,0,5
core-00507,Hong Xiang,Hong,Xiang,C,C,8,78,C_C,0,5
core-00508,Yu He,Yu,He,C,C,9,15,C_C,0,5
core-00509,Min Jin,Min,Jin,C,C,10,52,C_C,0,5
core-00510,Xin Qu,Xin,Qu,C,C,11,89,C_C,0,5
core-00511,Bin Tang,Bin,Tang,C,C,12,26,C_C,0,5
core-00512,Ping Gu,Ping,Gu,C,C,13,63,C_C,0,5
core-00513,Lin Zhan,Lin,Zhan,C,C,14,100,C_C,0,5
core-00514,Yong Ceng,Yong,Ceng,C,C,15,37,C_C,0,5
core-00515,Ming Xue,Ming,Xue,C,C,16,74,C_C,0,5
core-00516,Ling Zhou,Ling,Zhou,C,C,17,11,C_C,0,5
core-00517,Qing Ye,Qing,Ye,C,C,18,48,C_C,0,5
core-00518,Peng Guan,Peng,Guan,C,C,19,85,C_C,0,5
core-00519,Qiang Luo,Qiang,Luo,C,C,20,22,C_C,0,5
core-00520,Yun Fang,Yun,Fang,C,C,21,59,C_C,0,5
core-00521,Jin Ge,Jin,Ge,C,C,22,96,C_C,0,5
core-00522,Rong Deng,Rong,Deng,C,C,23,33,C_C,0,5
core-00523,Chao Xiong,Chao,Xiong,C,C,24,70,C_C,0,5
core-00524,Gang Huang,Gang,Huang,C,C,25,7,C_C,0,5
core-00525,Yue Fan,Yue,Fan,C,C,26,44,C_C,0,5
core-00526,Jianhua Tao,Jianhua,Tao,C,C,27,81,C_C,0,5
core-00527,Xiaoyan Hu,Xiaoyan,Hu,C,C,28,18,C_C,0,5
core-00528,Na Ren,Na,Ren,C,C,29,55,C_C,0,5
core-00529,Liping Lan,Liping,Lan,C,C,30,92,C_C,0,5
core-00530,Mei Xie,Mei,Xie,C,C,31,29,C_C,0,5
core-00531,Ning Xia,Ning,Xia,C,C,32,66,C_C,0,5
core-00532,Zhen Zhang,Zhen,Zhang,C,C,33,3,C_C,0,5
core-00533,Chen Yuan,Chen,Yuan,C,C,34,40,C_C,0,5
core-00534,Kai Duan,Kai,Duan,C,C,35,77,C_C,0,5
core-00535,Cheng Sun,Cheng,Sun,C,C,36,14,C_C,0,5
core-00536,Xiang Zhong,Xiang,Zhong,C,C,37,51,C_C,0,5
core-00537,Haiyan Hong,Haiyan,Hong,C,C,38,88,C_C,0,5
core-00538,Jianping Liang,Jianping,Liang,C,C,39,25,C_C,0,5
core-00539,Lihua Wen,Lihua,Wen,C,C,40,62,C_C,0,5
core-00540,Nan Xing,Nan,Xing,C,C,41,99,C_C,0,5
core-00541,Xiaohong Tan,Xiaohong,Tan,C,C,42,36,C_C,0,5
core-00542,Zhiqiang Gong,Zhiqiang,Gong,C,C,43,73,C_C,0,5
core-00543,Lan Zhao,Lan,Zhao,C,C,44,10,C_C,0,5
core-00544,Kun Fu,Kun,Fu,C,C,45,47,C_C,0,5
core-00545,Lijun Lai,Lijun,Lai,C,C,46,84,C_C,0,5
core-00546,Xiaoli Guo,Xiaoli,Guo,C,C,47,21,C_C,0,5
core-00547,Jianguo Liao,Jianguo,Liao,C,C,48,58,C_C,0,5
core-00548,Jianjun Bao,Jianjun,Bao,C,C,49,95,C_C,0,5
core-00549,Xiaoping Yan,Xiaoping,Yan,C,C,50,32,C_C,0,5
core-00550,Meng Zou,Meng,Zou,C,C,51,69,C_C,0,5
core-00551,Tingting Yang,Tingting,Yang,C,C,52,6,C_C,0,5
core-00552,Lijuan Cheng,Lijuan,Cheng,C,C,53,43,C_C,0,5
core-00553,Shan Mao,Shan,Mao,C,C,54,80,C_C,0,5
core-00554,Zhi Yu,Zhi,Yu,C,C,55,17,C_C,0,5
core-00555,Xiaoling Yao,Xiaoling,Yao,C,C,56,54,C_C,0,5
core-00556,Yuanyuan Kong,Yuanyuan,Kong,C,C,57,91,C_C,0,5
core-00557,Xiaodong Shi,Xiaodong,Shi,C,C,58,28,C_C,0,5
core-00558,Xiaoming Jia,Xiaoming,Jia,C,C,59,65,C_C,0,5
core-00559,Xing Li,Xing,Li,C,C,61,2,C_C,0,5
core-00560,Jingjing Xiao,Jingjing,Xiao,C,C,62,39,C_C,0,5
core-00561,Zhiyong Lei,Zhiyong,Lei,C,C,63,76,C_C,0,5
core-00562,Yanping Zhu,Yanping,Zhu,C,C,64,13,C_C,0,5
core-00563,Xiaohua Du,Xiaohua,Du,C,C,65,50,C_C,0,5
core-00564,Xuan Qian,Xuan,Qian,C,C,66,87,C_C,0,5
core-00565,Xiaofeng Zheng,Xiaofeng,Zheng,C,C,67,24,C_C,0,5
core-00566,Jianming Dai,Jianming,Dai,C,C,68,61,C_C,0,5
core-00567,Weidong Niu,Weidong,Niu,C,C,69,98,C_C,0,5
core-00568,Di Cao,Di,Cao,C,C,70,35,C_C,0,5
core-00569,Huan Ji,Huan,Ji,C,C,71,72,C_C,0,5
core-00570,Xiaojun Xu,Xiaojun,Xu,C,C,72,9,C_C,0,5
core-00571,Shuang Dong,Shuang,Dong,C,C,73,46,C_C,0,5
core-00572,Qiong Hao,Qiong,Hao,C,C,74,83,C_C,0,5
core-00573,Zhigang Jiang,Zhigang,Jiang,C,C,75,20,C_C,0,5
core-00574,Xiaoying Cui,Xiaoying,Cui,C,C,76,57,C_C,0,5
core-00575,Zhiming Chang,Zhiming,Chang,C,C,77,94,C_C,0,5
core-00576,Jianfeng Feng,Jianfeng,Feng,C,C,78,31,C_C,0,5
core-00577,Xiaomei Hou,Xiaomei,Hou,C,C,79,68,C_C,0,5
core-00578,Xiaohui Chen,Xiaohui,Chen,C,C,80,5,C_C,0,5
core-00579,Hongmei Cai,Hongmei,Cai,C,C,81,42,C_C,0,5
core-00580,Zhiwei Long,Zhiwei,Long,C,C,82,79,C_C,0,5
core-00581,Xuemei Ma,Xuemei,Ma,C,C,83,16,C_C,0,5
core-00582,Long Ding,Long,Ding,C,C,84,53,C_C,0,5
core-00583,Chunyan Mo,Chunyan,Mo,C,C,85,90,C_C,0,5
core-00584,Weiwei Wei,Weiwei,Wei,C,C,86,27,C_C,0,5
core-00585,Hongwei Qiu,Hongwei,Qiu,C,C,87,64,C_C,0,5
core-00586,Dongmei Wang,Dongmei,Wang,C,C,88,1,C_C,0,5
core-00587,Shu Peng,Shu,Peng,C,C,89,38,C_C,0,5
core-00588,Jinhua Qi,Jinhua,Qi,C,C,90,75,C_C,0,5
core-00589,Zhihua Lu,Zhihua,Lu,C,C,91,12,C_C,0,5
core-00590,Guoqiang Su,Guoqiang,Su,C,C,92,49,C_C,0,5
core-00591,Hai Wan,Hai,Wan,C,C,93,86,C_C,0,5
core-00592,Song Gao,Song,Gao,C,C,94,23,C_C,0,5
core-00593,Hongyan Meng,Hongyan,Meng,C,C,95,60,C_C,0,5
core-00594,Xiaoyu Yi,Xiaoyu,Yi,C,C,96,97,C_C,0,5
core-00595,Jianxin Han,Jianxin,Han,C,C,97,34,C_C,0,5
core-00596,Guohua Qin,Guohua,Qin,C,C,98,71,C_C,0,5
core-00597,Han Wu,Han,Wu,C,C,99,8,C_C,0,5
core-00598,Jianzhong Tian,Jianzhong,Tian,C,C,100,45,C_C,0,5
core-00599,Chun Shao,Chun,Shao,C,C,101,82,C_C,0,5
core-00600,Zhijun Lin,Zhijun,Lin,C,C,102,19,C_C,0,5
core-00601,Wei Bai,Wei,Bai,C,C,2,67,C_C,0,6
core-00602,Yan Liu,Yan,Liu,C,C,3,4,C_C,0,6
core-00603,Li Pan,Li,Pan,C,C,4,41,C_C,0,6
core-00604,Ying Xiang,Ying,Xiang,C,C,5,78,C_C,0,6
core-00605,Hui He,Hui,He,C,C,6,15,C_C,0,6
core-00606,Lei Jin,Lei,Jin,C,C,7,52,C_C,0,6
core-00607,Hong Qu,Hong,Qu,C,C,8,89,C_C,0,6
core-00608,Yu Tang,Yu,Tang,C,C,9,26,C_C,0,6
core-00609,Min Gu,Min,Gu,C,C,10,63,C_C,0,6
core-00610,Xin Zhan,Xin,Zhan,C,C,11,100,C_C,0,6
core-00611,Bin Ceng,Bin,Ceng,C,C,12,37,C_C,0,6
core-00612,Ping Xue,Ping,Xue,C,C,13,74,C_C,0,6
core-00613,Lin Zhou,Lin,Zhou,C,C,14,11,C_C,0,6
core-00614,Yong Ye,Yong,Ye,C,C,15,48,C_C,0,6
core-00615,Ming Guan,Ming,Guan,C,C,16,85,C_C,0,6
core-00616,Ling Luo,Ling,Luo,C,C,17,22,C_C,0,6
core-00617,Qing Fang,Qing,Fang,C,C,18,59,C_C,0,6
core-00618,Peng Ge,Peng,Ge,C,C,19,96,C_C,0,6
core-00619,Qiang Deng,Qiang,Deng,C,C,20,33,C_C,0,6
core-00620,Yun Xiong,Yun,Xiong,C,C,21,70,C_C,0,6
core-00621,Jin Huang,Jin,Huang,C,C,22,7,C_C,0,6
core-00622,Rong Fan,Rong,Fan,C,C,23,44,C_C,0,6
core-00623,Chao Tao,Chao,Tao,C,C,24,81,C_C,0,6
core-00624,Gang Hu,Gang,Hu,C,C,25,18,C_C,0,6
core-00625,Yue Ren,Yue,Ren,C,C,26,55,C_C,0,6
core-00626,Jianhua Lan,Jianhua,Lan,C,C,27,92,C_C,0,6
core-00627,Xiaoyan Xie,Xiaoyan,Xie,C,C,28,29,C_C,0,6
core-00628,Na Xia,Na,Xia,C,C,29,66,C_C,0,6
core-00629,Liping Zhang,Liping,Zhang,C,C,30,3,C_C,0,6
core-00630,Mei Yuan,Mei,Yuan,C,C,31,40,C_C,0,6
core-00631,Ning Duan,Ning,Duan,C,C,32,77,C_C,0,6
core-00632,Zhen Sun,Zhen,Sun,C,C,33,14,C_C,0,6
core-00633,Chen Zhong,Chen,Zhong,C,C,34,51,C_C,0,6
core-00634,Kai Hong,Kai,Hong,C,C,35,88,C_C,0,6
core-00635,Cheng Liang,Cheng,Liang,C,C,36,25,C_C,0,6
core-00636,Xiang Wen,Xiang,Wen,C,C,37,62,C_C,0,6
core-00637,Haiyan Xing,Haiyan,Xing,C,C,38,99,C_C,0,6
core-00638,Jianping Tan,Jianping,Tan,C,C,39,36,C_C,0,6
core-00639,Lihua Gong,Lihua,Gong,C,C,40,73,C_C,0,6
core-00640,Nan Zhao,Nan,Zhao,C,C,41,10,C_C,0,6
core-00641,Xiaohong Fu,Xiaohong,Fu,C,C,42,47,C_C,0,6
core-00642,Zhiqiang Lai,Zhiqiang,Lai,C,C,43,84,C_C,0,6
core-00643,Lan Guo,Lan,Guo,C,C,44,21,C_C,0,6
core-00644,Kun Liao,Kun,Liao,C,C,45,58,C_C,0,6
core-00645,Lijun Bao,Lijun,Bao,C,C,46,95,C_C,0,6
core-00646,Xiaoli Yan,Xiaoli,Yan,C,C,47,32,C_C,0,6
core-00647,Jianguo Zou,Jianguo,Zou,C,C,48,69,C_C,0,6
core-00648,Jianjun Yang,Jianjun,Yang,C,C,49,6,C_C,0,6
core-00649,Xiaoping Cheng,Xiaoping,Cheng,C,C,50,43,C_C,0,6
core-00650,Meng Mao,Meng,Mao,C,C,51,80,C_C,0,6
core-00651,Tingting Yu,Tingting,Yu,C,C,52,17,C_C,0,6
core-00652,Lijuan Yao,Lijuan,Yao,C,C,53,54,C_C,0,6
core-00653,Shan Kong,Shan,Kong,C,C,54,91,C_C,0,6
core-00654,Zhi Shi,Zhi,Shi,C,C,55,28,C_C,0,6
core-00655,Xiaoling Jia,Xiaoling,Jia,C,C,56,65,C_C,0,6
core-00656,Yuanyuan Li,Yuanyuan,Li,C,C,57,2,C_C,0,6
core-00657,Xiaodong Xiao,Xiaodong,Xiao,C,C,58,39,C_C,0,6
core-00658,Xiaoming Lei,Xiaoming,Lei,C,C,59,76,C_C,0,6
core-00659,Xing Zhu,Xing,Zhu,C,C,61,13,C_C,0,6
core-00660,Jingjing Du,Jingjing,Du,C,C,62,50,C_C,0,6
core-00661,Zhiyong Qian,Zhiyong,Qian,C,C,63,87,C_C,0,6
core-00662,Yanping Zheng,Yanping,Zheng,C,C,64,24,C_C,0,6
core-00663,Xiaohua Dai,Xiaohua,Dai,C,C,65,61,C_C,0,6
core-00664,Xuan Niu,Xuan,Niu,C,C,66,98,C_C,0,6
core-00665,Xiaofeng Cao,Xiaofeng,Cao,C,C,67,35,C_C,0,6
core-00666,Jianming Ji,Jianming,Ji,C,C,68,72,C_C,0,6
core-00667,Weidong Xu,Weidong,Xu,C,C,69,9,C_C,0,6
core-00668,Di Dong,Di,Dong,C,C,70,46,C_C,0,6
core-00669,Huan Hao,Huan,Hao,C,C,71,83,C_C,0,6
core-00670,Xiaojun Jiang,Xiaojun,Jiang,C,C,72,20,C_C,0,6
core-00671,Shuang Cui,Shuang,Cui,C,C,73,57,C_C,0,6
core-00672,Qiong Chang,Qiong,Chang,C,C,74,94,C_C,0,6
core-00673,Zhigang Feng,Zhigang,Feng,C,C,75,31,C_C,0,6
core-00674,Xiaoying Hou,Xiaoying,Hou,C,C,76,68,C_C,0,6
core-00675,Zhiming Chen,Zhiming,Chen,C,C,77,5,C_C,0,6
core-00676,Jianfeng Cai,Jianfeng,Cai,C,C,78,42,C_C,0,6
core-00677,Xiaomei Long,Xiaomei,Long,C,C,79,79,C_C,0,6
core-00678,Xiaohui Ma,Xiaohui,Ma,C,C,80,16,C_C,0,6
core-00679,Hongmei Ding,Hongmei,Ding,C,C,81,53,C_C,0,6
core-00680,Zhiwei Mo,Zhiwei,Mo,C,C,82,90,C_C,0,6
core-00681,Xuemei Wei,Xuemei,Wei,C,C,83,27,C_C,0,6
core-00682,Long Qiu,Long,Qiu,C,C,84,64,C_C,0,6
core-00683,Chunyan Wang,Chunyan,Wang,C,C,85,1,C_C,0,6
core-00684,Weiwei Peng,Weiwei,Peng,C,C,86,38,C_C,0,6
core-00685,Hongwei Qi,Hongwei,Qi,C,C,87,75,C_C,0,6
core-00686,Dongmei Lu,Dongmei,Lu,C,C,88,12,C_C,0,6
core-00687,Shu Su,Shu,Su,C,C,89,49,C_C,0,6
core-00688,Jinhua Wan,Jinhua,Wan,C,C,90,86,C_C,0,6
core-00689,Zhihua Gao,Zhihua,Gao,C,C,91,23,C_C,0,6
core-00690,Guoqiang Meng,Guoqiang,Meng,C,C,92,60,C_C,0,6
core-00691,Hai Yi,Hai,Yi,C,C,93,97,C_C,0,6
core-00692,Song Han,Song,Han,C,C,94,34,C_C,0,6
core-00693,Hongyan Qin,Hongyan,Qin,C,C,95,71,C_C,0,6
core-00694,Xiaoyu Wu,Xiaoyu,Wu,C,C,96,8,C_C,0,6
core-00695,Jianxin Tian,Jianxin,Tian,C,C,97,45,C_C,0,6
core-00696,Guohua Shao,Guohua,Shao,C,C,98,82,C_C,0,6
core-00697,Han Lin,Han,Lin,C,C,99,19,C_C,0,6
core-00698,Jianzhong Yin,Jianzhong,Yin,C,C,100,56,C_C,0,6
core-00699,Chun Kang,Chun,Kang,C,C,101,93,C_C,0,6
core-00700,Zhijun Song,Zhijun,Song,C,C,102,30,C_C,0,6
core-00701,Wei Xiang,Wei,Xiang,C,C,2,78,C_C,0,7
core-00702,Yan He,Yan,He,C,C,3,15,C_C,0,7
core-00703,Li Jin,Li,Jin,C,C,4,52,C_C,0,7
core-00704,Ying Qu,Ying,Qu,C,C,5,89,C_C,0,7
core-00705,Hui Tang,Hui,Tang,C,C,6,26,C_C,0,7
core-00706,Lei Gu,Lei,Gu,C,C,7,63,C_C,0,7
core-00707,Hong Zhan,Hong,Zhan,C,C,8,100,C_C,0,7
core-00708,Yu Ceng,Yu,Ceng,C,C,9,37,C_C,0,7
core-00709,Min Xue,Min,Xue,C,C,10,74,C_C,0,7
core-00710,Xin Zhou,Xin,Zhou,C,C,11,11,C_C,0,7
core-00711,Bin Ye,Bin,Ye,C,C,12,48,C_C,0,7
core-00712,Ping Guan,Ping,Guan,C,C,13,85,C_C,0,7
core-00713,Lin Luo,Lin,Luo,C,C,14,22,C_C,0,7
core-00714,Yong Fang,Yong,Fang,C,C,15,59,C_C,0,7
core-00715,Ming Ge,Ming,Ge,C,C,16,96,C_C,0,7
core-00716,Ling Deng,Ling,Deng,C,C,17,33,C_C,0,7
core-00717,Qing Xiong,Qing,Xiong,C,C,18,70,C_C,0,7
core-00718,Peng Huang,Peng,Huang,C,C,19,7,C_C,0,7
core-00719,Qiang Fan,Qiang,Fan,C,C,20,44,C_C,0,7
core-00720,Yun Tao,Yun,Tao,C,C,21,81,C_C,0,7
core-00721,Jin Hu,Jin,Hu,C,C,22,18,C_C,0,7
core-00722,Rong Ren,Rong,Ren,C,C,23,55,C_C,0,7
core-00723,Chao Lan,Chao,Lan,C,C,24,92,C_C,0,7
core-00724,Gang Xie,Gang,Xie,C,C,25,29,C_C,0,7
core-00725,Yue Xia,Yue,Xia,C,C,26,66,C_C,0,7
core-00726,Jianhua Zhang,Jianhua,Zhang,C,C,27,3,C_C,0,7
core-00727,Xiaoyan Yuan,Xiaoyan,Yuan,C,C,28,40,C_C,0,7
core-00728,Na Duan,Na,Duan,C,C,29,77,C_C,0,7
core-00729,Liping Sun,Liping,Sun,C,C,30,14,C_C,0,7
core-00730,Mei Zhong,Mei,Zhong,C,C,31,51,C_C,0,7
core-00731,Ning Hong,Ning,Hong,C,C,32,88,C_C,0,7
core-00732,Zhen Liang,Zhen,Liang,C,C,33,25,C_C,0,7
core-00733,Chen Wen,Chen,Wen,C,C,34,62,C_C,0,7
core-00734,Kai Xing,Kai,Xing,C,C,35,99,C_C,0,7
core-00735,Cheng Tan,Cheng,Tan,C,C,36,36,C_C,0,7
core-00736,Xiang Gong,Xiang,Gong,C,C,37,73,C_C,0,7
core-00737,Haiyan Zhao,Haiyan,Zhao,C,C,38,10,C_C,0,7
core-00738,Jianping Fu,Jianping,Fu,C,C,39,47,C_C,0,7
core-00739,Lihua Lai,Lihua,Lai,C,C,40,84,C_C,0,7
core-00740,Nan Guo,Nan,Guo,C,C,41,21,C_C,0,7
core-00741,Xiaohong Liao,Xiaohong,Liao,C,C,42,58,C_C,0,7
core-00742,Zhiqiang Bao,Zhiqiang,Bao,C,C,43,95,C_C,0,7
core-00743,Lan Yan,Lan,Yan,C,C,44,32,C_C,0,7
core-00744,Kun Zou,Kun,Zou,C,C,45,69,C_C,0,7
core-00745,Lijun Yang,Lijun,Yang,C,C,46,6,C_C,0,7
core-00746,Xiaoli Cheng,Xiaoli,Cheng,C,C,47,43,C_C,0,7
core-00747,Jianguo Mao,Jianguo,Mao,C,C,48,80,C_C,0,7
core-00748,Jianjun Yu,Jianjun,Yu,C,C,49,17,C_C,0,7
core-00749,Xiaoping Yao,Xiaoping,Yao,C,C,50,54,C_C,0,7
core-00750,Meng Kong,Meng,Kong,C,C,51,91,C_C,0,7
core-00751,Tingting Shi,Tingting,Shi,C,C,52,28,C_C,0,7
core-00752,Lijuan Jia,Lijuan,Jia,C,C,53,65,C_C,0,7
core-00753,Shan Li,Shan,Li,C,C,54,2,C_C,0,7
core-00754,Zhi Xiao,Zhi,Xiao,C,C,55,39,C_C,0,7
core-00755,Xiaoling Lei,Xiaoling,Lei,C,C,56,76,C_C,0,7
core-00756,Yuanyuan Zhu,Yuanyuan,Zhu,C,C,57,13,C_C,0,7
core-00757,Xiaodong Du,Xiaodong,Du,C,C,58,50,C_C,0,7
core-00758,Xiaoming Qian,Xiaoming,Qian,C,C,59,87,C_C,0,7
core-00759,Xing Zheng,Xing,Zheng,C,C,61,24,C_C,0,7
core-00760,Jingjing Dai,Jingjing,Dai,C,C,62,61,C_C,0,7
core-00761,Zhiyong Niu,Zhiyong,Niu,C,C,63,98,C_C,0,7
core-00762,Yanping Cao,Yanping,Cao,C,C,64,35,C_C,0,7
core-00763,Xiaohua Ji,Xiaohua,Ji,C,C,65,72,C_C,0,7
core-00764,Xuan Xu,Xuan,Xu,C,C,66,9,C_C,0,7
core-00765,Xiaofeng Dong,Xiaofeng,Dong,C,C,67,46,C_C,0,7
core-00766,Jianming Hao,Jianming,Hao,C,C,68,83,C_C,0,7
core-00767,Weidong Jiang,Weidong,Jiang,C,C,69,20,C_C,0,7
core-00768,Di Cui,Di,Cui,C,C,70,57,C_C,0,7
core-00769,Huan Chang,Huan,Chang,C,C,71,94,C_C,0,7
core-00770,Xiaojun Feng,Xiaojun,Feng,C,C,72,31,C_C,0,7
core-00771,Shuang Hou,Shuang,Hou,C,C,73,68,C_C,0,7
core-00772,Qiong Chen,Qiong,Chen,C,C,74,5,C_C,0,7
core-00773,Zhigang Cai,Zhigang,Cai,C,C,75,42,C_C,0,7
core-00774,Xiaoying Long,Xiaoying,Long,C,C,76,79,C_C,0,7
core-00775,Zhiming Ma,Zhiming,Ma,C,C,77,16,C_C,0,7
core-00776,Jianfeng Ding,Jianfeng,Ding,C,C,78,53,C_C,0,7
core-00777,Xiaomei Mo,Xiaomei,Mo,C,C,79,90,C_C,0,7
core-00778,Xiaohui Wei,Xiaohui,Wei,C,C,80,27,C_C,0,7
core-00779,Hongmei Qiu,Hongmei,Qiu,C,C,81,64,C_C,0,7
core-00780,Zhiwei Wang,Zhiwei,Wang,C,C,82,1,C_C,0,7
core-00781,Xuemei Peng,Xuemei,Peng,C,C,83,38,C_C,0,7
core-00782,Long Qi,Long,Qi,C,C,84,75,C_C,0,7
core-00783,Chunyan Lu,Chunyan,Lu,C,C,85,12,C_C,0,7
core-00784,Weiwei Su,Weiwei,Su,C,C,86,49,C_C,0,7
core-00785,Hongwei Wan,Hongwei,Wan,C,C,87,86,C_C,0,7
core-00786,Dongmei Gao,Dongmei,Gao,C,C,88,23,C_C,0,7
core-00787,Shu Meng,Shu,Meng,C,C,89,60,C_C,0,7
core-00788,Jinhua Yi,Jinhua,Yi,C,C,90,97,C_C,0,7
core-00789,Zhihua Han,Zhihua,Han,C,C,91,34,C_C,0,7
core-00790,Guoqiang Qin,Guoqiang,Qin,C,C,92,71,C_C,0,7
core-00791,Hai Wu,Hai,Wu,C,C,93,8,C_C,0,7
core-00792,Song Tian,Song,Tian,C,C,94,45,C_C,0,7
core-00793,Hongyan Shao,Hongyan,Shao,C,C,95,82,C_C,0,7
core-00794,Xiaoyu Lin,Xiaoyu,Lin,C,C,96,19,C_C,0,7
core-00795,Jianxin Yin,Jianxin,Yin,C,C,97,56,C_C,0,7
core-00796,Guohua Kang,Guohua,Kang,C,C,98,93,C_C,0,7
core-00797,Han Song,Han,Song,C,C,99,30,C_C,0,7
core-00798,Jianzhong Bai,Jianzhong,Bai,C,C,100,67,C_C,0,7
core-00799,Chun Liu,Chun,Liu,C,C,101,4,C_C,0,7
core-00800,Zhijun Pan,Zhijun,Pan,C,C,102,41,C_C,0,7
core-00801,Wei Qu,Wei,Qu,C,C,2,89,C_C,0,8
core-00802,Yan Tang,Yan,Tang,C,C,3,26,C_C,0,8
core-00803,Li Gu,Li,Gu,C,C,4,63,C_C,0,8
core-00804,Ying Zhan,Ying,Zhan,C,C,5,100,C_C,0,8
core-00805,Hui Ceng,Hui,Ceng,C,C,6,37,C_C,0,8
core-00806,Lei Xue,Lei,Xue,C,C,7,74,C_C,0,8
core-00807,Hong Zhou,Hong,Zhou,C,C,8,11,C_C,0,8
core-00808,Yu Ye,Yu,Ye,C,C,9,48,C_C,0,8
core-00809,Min Guan,Min,Guan,C,C,10,85,C_C,0,8
core-00810,Xin Luo,Xin,Luo,C,C,11,22,C_C,0,8
core-00811,Bin Fang,Bin,Fang,C,C,12,59,C_C,0,8
core-00812,Ping Ge,Ping,Ge,C,C,13,96,C_C,0,8
core-00813,Lin Deng,Lin,Deng,C,C,14,33,C_C,0,8
core-00814,Yong Xiong,Yong,Xiong,C,C,15,70,C_C,0,8
core-00815,Ming Huang,Ming,Huang,C,C,16,7,C_C,0,8
core-00816,Ling Fan,Ling,Fan,C,C,17,44,C_C,0,8
core-00817,Qing Tao,Qing,Tao,C,C,18,81,C_C,0,8
core-00818,Peng Hu,Peng,Hu,C,C,19,18,C_C,0,8
core-00819,Qiang Ren,Qiang,Ren,C,C,20,55,C_C,0,8
core-00820,Yun Lan,Yun,Lan,C,C,21,92,C_C,0,8
core-00821,Jin Xie,Jin,Xie,C,C,22,29,C_C,0,8
core-00822,Rong Xia,Rong,Xia,C,C,23,66,C_C,0,8
core-00823,Chao Zhang,Chao,Zhang,C,C,24,3,C_C,0,8
core-00824,Gang Yuan,Gang,Yuan,C,C,25,40,C_C,0,8
core-00825,Yue Duan,Yue,Duan,C,C,26,77,C_C,0,8
core-00826,Jianhua Sun,Jianhua,Sun,C,C,27,14,C_C,0,8
core-00827,Xiaoyan Zhong,Xiaoyan,Zhong,C,C,28,51,C_C,0,8
core-00828,Na Hong,Na,Hong,C,C,29,88,C_C,0,8
core-00829,Liping Liang,Liping,Liang,C,C,30,25,C_C,0,8
core-00830,Mei Wen,Mei,Wen,C,C,31,62,C_C,0,8
core-00831,Ning Xing,Ning,Xing,C,C,32,99,C_C,0,8
core-00832,Zhen Tan,Zhen,Tan,C,C,33,36,C_C,0,8
core-00833,Chen Gong,Chen,Gong,C,C,34,73,C_C,0,8
core-00834,Kai Zhao,Kai,Zhao,C,C,35,10,C_C,0,8
core-00835,Cheng Fu,Cheng,Fu,C,C,36,47,C_C,0,8
core-00836,Xiang Lai,Xiang,Lai,C,C,37,84,C_C,0,8
core-00837,Haiyan Guo,Haiyan,Guo,C,C,38,21,C_C,0,8
core-00838,Jianping Liao,Jianping,Liao,C,C,39,58,C_C,0,8
core-00839,Lihua Bao,Lihua,Bao,C,C,40,95,C_C,0,8
core-00840,Nan Yan,Nan,Yan,C,C,41,32,C_C,0,8
core-00841,Xiaohong Zou,Xiaohong,Zou,C,C,42,69,C_C,0,8
core-00842,Zhiqiang Yang,Zhiqiang,Yang,C,C,43,6,C_C,0,8
core-00843,Lan Cheng,Lan,Cheng,C,C,44,43,C_C,0,8
core-00844,Kun Mao,Kun,Mao,C,C,45,80,C_C,0,8
core-00845,Lijun Yu,Lijun,Yu,C,C,46,17,C_C,0,8
core-00846,Xiaoli Yao,Xiaoli,Yao,C,C,47,54,C_C,0,8
core-00847,Jianguo Kong,Jianguo,Kong,C,C,48,91,C_C,0,8
core-00848,Jianjun Shi,Jianjun,Shi,C,C,49,28,C_C,0,8
core-00849,Xiaoping Jia,Xiaoping,Jia,C,C,50,65,C_C,0,8
core-00850,Meng Li,Meng,Li,C,C,51,2,C_C,0,8
core-00851,Tingting Xiao,Tingting,Xiao,C,C,52,39,C_C,0,8
core-00852,Lijuan Lei,Lijuan,Lei,C,C,53,76,C_C,0,8
core-00853,Shan Zhu,Shan,Zhu,C,C,54,13,C_C,0,8
core-00854,Zhi Du,Zhi,Du,C,C,55,50,C_C,0,8
core-00855,Xiaoling Qian,Xiaoling,Qian,C,C,56,87,C_C,0,8
core-00856,Yuanyuan Zheng,Yuanyuan,Zheng,C,C,57,24,C_C,0,8
core-00857,Xiaodong Dai,Xiaodong,Dai,C,C,58,61,C_C,0,8
core-00858,Xiaoming Niu,Xiaoming,Niu,C,C,59,98,C_C,0,8
core-00859,Xing Cao,Xing,Cao,C,C,61,35,C_C,0,8
core-00860,Jingjing Ji,Jingjing,Ji,C,C,62,72,C_C,0,8
core-00861,Zhiyong Xu,Zhiyong,Xu,C,C,63,9,C_C,0,8
core-00862,Yanping Dong,Yanping,Dong,C,C,64,46,C_C,0,8
core-00863,Xiaohua Hao,Xiaohua,Hao,C,C,65,83,C_C,0,8
core-00864,Xuan Jiang,Xuan,Jiang,C,C,66,20,C_C,0,8
core-00865,Xiaofeng Cui,Xiaofeng,Cui,C,C,67,57,C_C,0,8
core-00866,Jianming Chang,Jianming,Chang,C,C,68,94,C_C,0,8
core-00867,Weidong Feng,Weidong,Feng,C,C,69,31,C_C,0,8
core-00868,Di Hou,Di,Hou,C,C,70,68,C_C,0,8
core-00869,Huan Chen,Huan,Chen,C,C,71,5,C_C,0,8
core-00870,Xiaojun Cai,Xiaojun,Cai,C,C,72,42,C_C,0,8
core-00871,Shuang Long,Shuang,Long,C,C,73,79,C_C,0,8
core-00872,Qiong Ma,Qiong,Ma,C,C,74,16,C_C,0,8
core-00873,Zhigang Ding,Zhigang,Ding,C,C,75,53,C_C,0,8
core-00874,Xiaoying Mo,Xiaoying,Mo,C,C,76,90,C_C,0,8
core-00875,Zhiming Wei,Zhiming,Wei,C,C,77,27,C_C,0,8
core-00876,Jianfeng Qiu,Jianfeng,Qiu,C,C,78,64,C_C,0,8
core-00877,Xiaomei Wang,Xiaomei,Wang,C,C,79,1,C_C,0,8
core-00878,Xiaohui Peng,Xiaohui,Peng,C,C,80,38,C_C,0,8
core-00879,Hongmei Qi,Hongmei,Qi,C,C,81,75,C_C,0,8
core-00880,Zhiwei Lu,Zhiwei,Lu,C,C,82,12,C_C,0,8
core-00881,Xuemei Su,Xuemei,Su,C,C,83,49,C_C,0,8
core-00882,Long Wan,Long,Wan,C,C,84,86,C_C,0,8
core-00883,Chunyan Gao,Chunyan,Gao,C,C,85,23,C_C,0,8
core-00884,Weiwei Meng,Weiwei,Meng,C,C,86,60,C_C,0,8
core-00885,Hongwei Yi,Hongwei,Yi,C,C,87,97,C_C,0,8
core-00886,Dongmei Han,Dongmei,Han,C,C,88,34,C_C,0,8
core-00887,Shu Qin,Shu,Qin,C,C,89,71,C_C,0,8
core-00888,Jinhua Wu,Jinhua,Wu,C,C,90,8,C_C,0,8
core-00889,Zhihua Tian,Zhihua,Tian,C,C,91,45,C_C,0,8
core-00890,Guoqiang Shao,Guoqiang,Shao,C,C,92,82,C_C,0,8
core-00891,Hai Lin,Hai,Lin,C,C,93,19,C_C,0,8
core-00892,Song Yin,Song,Yin,C,C,94,56,C_C,0,8
core-00893,Hongyan Kang,Hongyan,Kang,C,C,95,93,C_C,0,8
core-00894,Xiaoyu Song,Xiaoyu,Song,C,C,96,30,C_C,0,8
core-00895,Jianxin Bai,Jianxin,Bai,C,C,97,67,C_C,0,8
core-00896,Guohua Liu,Guohua,Liu,C,C,98,4,C_C,0,8
core-00897,Han Pan,Han,Pan,C,C,99,41,C_C,0,8
core-00898,Jianzhong Xiang,Jianzhong,Xiang,C,C,100,78,C_C,0,8
core-00899,Chun He,Chun,He,C,C,101,15,C_C,0,8
core-00900,Zhijun Jin,Zhijun,Jin,C,C,102,52,C_C,0,8
core-00901,Wei Zhan,Wei,Zhan,C,C,2,100,C_C,0,9
core-00902,Yan Ceng,Yan,Ceng,C,C,3,37,C_C,0,9
core-00903,Li Xue,Li,Xue,C,C,4,74,C_C,0,9
core-00904,Ying Zhou,Ying,Zhou,C,C,5,11,C_C,0,9
core-00905,Hui Ye,Hui,Ye,C,C,6,48,C_C,0,9
core-00906,Lei Guan,Lei,Guan,C,C,7,85,C_C,0,9
core-00907,Hong Luo,Hong,Luo,C,C,8,22,C_C,0,9
core-00908,Yu Fang,Yu,Fang,C,C,9,59,C_C,0,9
core-00909,Min Ge,Min,Ge,C,C,10,96,C_C,0,9
core-00910,Xin Deng,Xin,Deng,C,C,11,33,C_C,0,9
core-00911,Bin Xiong,Bin,Xiong,C,C,12,70,C_C,0,9
core-00912,Ping Huang,Ping,Huang,C,C,13,7,C_C,0,9
core-00913,Lin Fan,Lin,Fan,C,C,14,44,C_C,0,9
core-00914,Yong Tao,Yong,Tao,C,C,15,81,C_C,0,9
core-00915,Ming Hu,Ming,Hu,C,C,16,18,C_C,0,9
core-00916,Ling Ren,Ling,Ren,C,C,17,55,C_C,0,9
core-00917,Qing Lan,Qing,Lan,C,C,18,92,C_C,0,9
core-00918,Peng Xie,Peng,Xie,C,C,19,29,C_C,0,9
core-00919,Qiang Xia,Qiang,Xia,C,C,20,66,C_C,0,9
core-00920,Yun Zhang,Yun,Zhang,C,C,21,3,C_C,0,9
core-00921,Jin Yuan,Jin,Yuan,C,C,22,40,C_C,0,9
core-00922,Rong Duan,Rong,Duan,C,C,23,77,C_C,0,9
core-00923,Chao Sun,Chao,Sun,C,C,24,14,C_C,0,9
core-00924,Gang Zhong,Gang,Zhong,C,C,25,51,C_C,0,9
core-00925,Yue Hong,Yue,Hong,C,C,26,88,C_C,0,9
core-00926,Jianhua Liang,Jianhua,Liang,C,C,27,25,C_C,0,9
core-00927,Xiaoyan Wen,Xiaoyan,Wen,C,C,28,62,C_C,0,9
core-00928,Na Xing,Na,Xing,C,C,29,99,C_C,0,9
core-00929,Liping Tan,Liping,Tan,C,C,30,36,C_C,0,9
core-00930,Mei Gong,Mei,Gong,C,C,31,73,C_C,0,9
core-00931,Ning Zhao,Ning,Zhao,C,C,32,10,C_C,0,9
core-00932,Zhen Fu,Zhen,Fu,C,C,33,47,C_C,0,9
core-00933,Chen Lai,Chen,Lai,C,C,34,84,C_C,0,9
core-00934,Kai Guo,Kai,Guo,C,C,35,21,C_C,0,9
core-00935,Cheng Liao,Cheng,Liao,C,C,36,58,C_C,0,9
core-00936,Xiang Bao,Xiang,Bao,C,C,37,95,C_C,0,9
core-00937,Haiyan Yan,Haiyan,Yan,C,C,38,32,C_C,0,9
core-00938,Jianping Zou,Jianping,Zou,C,C,39,69,C_C,0,9
core-00939,Lihua Yang,Lihua,Yang,C,C,40,6,C_C,0,9
core-00940,Nan Cheng,Nan,Cheng,C,C,41,43,C_C,0,9
core-00941,Xiaohong Mao,Xiaohong,Mao,C,C,42,80,C_C,0,9
core-00942,Zhiqiang Yu,Zhiqiang,Yu,C,C,43,17,C_C,0,9
core-00943,Lan Yao,Lan,Yao,C,C,44,54,C_C,0,9
core-00944,Kun Kong,Kun,Kong,C,C,45,91,C_C,0,9
core-00945,Lijun Shi,Lijun,Shi,C,C,46,28,C_C,0,9
core-00946,Xiaoli Jia,Xiaoli,Jia,C,C,47,65,C_C,0,9
core-00947,Jianguo Li,Jianguo,Li,C,C,48,2,C_C,0,9
core-00948,Jianjun Xiao,Jianjun,Xiao,C,C,49,39,C_C,0,9
core-00949,Xiaoping Lei,Xiaoping,Lei,C,C,50,76,C_C,0,9
core-00950,Meng Zhu,Meng,Zhu,C,C,51,13,C_C,0,9
core-00951,Tingting Du,Tingting,Du,C,C,52,50,C_C,0,9
core-00952,Lijuan Qian,Lijuan,Qian,C,C,53,87,C_C,0,9
core-00953,Shan Zheng,Shan,Zheng,C,C,54,24,C_C,0,9
core-00954,Zhi Dai,Zhi,Dai,C,C,55,61,C_C,0,9
core-00955,Xiaoling Niu,Xiaoling,Niu,C,C,56,98,C_C,0,9
core-00956,Yuanyuan Cao,Yuanyuan,Cao,C,C,57,35,C_C,0,9
core-00957,Xiaodong Ji,Xiaodong,Ji,C,C,58,72,C_C,0,9
core-00958,Xiaoming Xu,Xiaoming,Xu,C,C,59,9,C_C,0,9
core-00959,Xing Dong,Xing,Dong,C,C,61,46,C_C,0,9
core-00960,Jingjing Hao,Jingjing,Hao,C,C,62,83,C_C,0,9
core-00961,Zhiyong Jiang,Zhiyong,Jiang,C,C,63,20,C_C,0,9
core-00962,Yanping Cui,Yanping,Cui,C,C,64,57,C_C,0,9
core-00963,Xiaohua Chang,Xiaohua,Chang,C,C,65,94,C_C,0,9
core-00964,Xuan Feng,Xuan,Feng,C,C,66,31,C_C,0,9
core-00965,Xiaofeng Hou,Xiaofeng,Hou,C,C,67,68,C_C,0,9
core-00966,Jianming Chen,Jianming,Chen,C,C,68,5,C_C,0,9
core-00967,Weidong Cai,Weidong,Cai,C,C,69,42,C_C,0,9
core-00968,Di Long,Di,Long,C,C,70,79,C_C,0,9
core-00969,Huan Ma,Huan,Ma,C,C,71,16,C_C,0,9
core-00970,Xiaojun Ding,Xiaojun,Ding,C,C,72,53,C_C,0,9
core-00971,Shuang Mo,Shuang,Mo,C,C,73,90,C_C,0,9
core-00972,Qiong Wei,Qiong,Wei,C,C,74,27,C_C,0,9
core-00973,Zhigang Qiu,Zhigang,Qiu,C,C,75,64,C_C,0,9
core-00974,Xiaoying Wang,Xiaoying,Wang,C,C,76,1,C_C,0,9
core-00975,Zhiming Peng,Zhiming,Peng,C,C,77,38,C_C,0,9
core-00976,Jianfeng Qi,Jianfeng,Qi,C,C,78,75,C_C,0,9
core-00977,Xiaomei Lu,Xiaomei,Lu,C,C,79,12,C_C,0,9
core-00978,Xiaohui Su,Xiaohui,Su,C,C,80,49,C_C,0,9
core-00979,Hongmei Wan,Hongmei,Wan,C,C,81,86,C_C,0,9
core-00980,Zhiwei Gao,Zhiwei,Gao,C,C,82,23,C_C,0,9
core-00981,Xuemei Meng,Xuemei,Meng,C,C,83,60,C_C,0,9
core-00982,Long Yi,Long,Yi,C,C,84,97,C_C,0,9
core-00983,Chunyan Han,Chunyan,Han,C,C,85,34,C_C,0,9
core-00984,Weiwei Qin,Weiwei,Qin,C,C,86,71,C_C,0,9
core-00985,Hongwei Wu,Hongwei,Wu,C,C,87,8,C_C,0,9
core-00986,Dongmei Tian,Dongmei,Tian,C,C,88,45,C_C,0,9
core-00987,Shu Shao,Shu,Shao,C,C,89,82,C_C,0,9
core-00988,Jinhua Lin,Jinhua,Lin,C,C,90,19,C_C,0,9
core-00989,Zhihua Yin,Zhihua,Yin,C,C,91,56,C_C,0,9
core-00990,Guoqiang Kang,Guoqiang,Kang,C,C,92,93,C_C,0,9
core-00991,Hai Song,Hai,Song,C,C,93,30,C_C,0,9
core-00992,Song Bai,Song,Bai,C,C,94,67,C_C,0,9
core-00993,Hongyan Liu,Hongyan,Liu,C,C,95,4,C_C,0,9
core-00994,Xiaoyu Pan,Xiaoyu,Pan,C,C,96,41,C_C,0,9
core-00995,Jianxin Xiang,Jianxin,Xiang,C,C,97,78,C_C,0,9
core-00996,Guohua He,Guohua,He,C,C,98,15,C_C,0,9
core-00997,Han Jin,Han,Jin,C,C,99,52,C_C,0,9
core-00998,Jianzhong Qu,Jianzhong,Qu,C,C,100,89,C_C,0,9
core-00999,Chun Tang,Chun,Tang,C,C,101,26,C_C,0,9
core-01000,Zhijun Gu,Zhijun,Gu,C,C,102,63,C_C,0,9
core-01001,Wei Sato,Wei,Sato,C,J,2,1,C_J,1,0
core-01002,Yan Kondo,Yan,Kondo,C,J,3,38,C_J,1,0
core-01003,Li Takagi,Li,Takagi,C,J,4,75,C_J,1,0
core-01004,Ying Yoshida,Ying,Yoshida,C,J,5,12,C_J,1,0
core-01005,Hui Fujii,Hui,Fujii,C,J,6,49,C_J,1,0
core-01006,Lei Murata,Lei,Murata,C,J,7,86,C_J,1,0
core-01007,Hong Mori,Hong,Mori,C,J,8,23,C_J,1,0
core-01008,Yu Morita,Yu,Morita,C,J,9,60,C_J,1,0
core-01009,Min Sugawara,Min,Sugawara,C,J,10,97,C_J,1,0
core-01010,Xin Maeda,Xin,Maeda,C,J,11,34,C_J,1,0
core-01011,Bin Yokoyama,Bin,Yokoyama,C,J,12,71,C_J,1,0
core-01012,Ping Nakamura,Ping,Nakamura,C,J,13,8,C_J,1,0
core-01013,Lin Endo,Lin,Endo,C,J,14,45,C_J,1,0
core-01014,Yong Sugiyama,Yong,Sugiyama,C,J,15,82,C_J,1,0
core-01015,Ming Shimizu,Ming,Shimizu,C,J,16,19,C_J,1,0
core-01016,Ling Miura,Ling,Miura,C,J,17,56,C_J,1,0
core-01017,Qing Sakurai,Qing,Sakurai,C,J,18,93,C_J,1,0
core-01018,Peng Ogawa,Peng,Ogawa,C,J,19,30,C_J,1,0
core-01019,Qiang Hara,Qiang,Hara,C,J,20,67,C_J,1,0
core-01020,Yun Watanabe,Yun,Watanabe,C,J,21,4,C_J,1,0
core-01021,Jin Ota,Jin,Ota,C,J,22,41,C_J,1,0
core-01022,Rong Ueno,Rong,Ueno,C,J,23,78,C_J,1,0
core-01023,Chao Matsumoto,Chao,Matsumoto,C,J,24,15,C_J,1,0
core-01024,Gang Nishimura,Gang,Nishimura,C,J,25,52,C_J,1,0
core-01025,Yue Otsuka,Yue,Otsuka,C,J,26,89,C_J,1,0
core-01026,Jianhua Ikeda,Jianhua,Ikeda,C,J,27,26,C_J,1,0
core-01027,Xiaoyan Ishida,Xiaoyan,Ishida,C,J,28,63,C_J,1,0
core-01028,Na Nomura,Na,Nomura,C,J,29,100,C_J,1,0
core-01029,Liping Fujita,Liping,Fujita,C,J,30,37,C_J,1,0
core-01030,Mei Koyama,Mei,Koyama,C,J,31,74,C_J,1,0
core-01031,Ning Kato,Ning,Kato,C,J,32,11,C_J,1,0
core-01032,Zhen Nakano,Zhen,Nakano,C,J,33,48,C_J,1,0
core-01033,Chen Kono,Chen,Kono,C,J,34,85,C_J,1,0
core-01034,Kai Ono,Kai,Ono,C,J,35,22,C_J,1,0
core-01035,Cheng Kojima,Cheng,Kojima,C,J,36,59,C_J,1,0
core-01036,Xiang Kubo,Xiang,Kubo,C,J,37,96,C_J,1,0
core-01037,Haiyan Goto,Haiyan,Goto,C,J,38,33,C_J,1,0
core-01038,Jianping Shimada,Jianping,Shimada,C,J,39,70,C_J,1,0
core-01039,Lihua Yamamoto,Lihua,Yamamoto,C,J,40,7,C_J,1,0
core-01040,Nan Arai,Nan,Arai,C,J,41,44,C_J,1,0
core-01041,Xiaohong Kudo,Xiaohong,Kudo,C,J,42,81,C_J,1,0
core-01042,Zhiqiang Kimura,Zhiqiang,Kimura,C,J,43,18,C_J,1,0
core-01043,Lan Fujiwara,Lan,Fujiwara,C,J,44,55,C_J,1,0
core-01044,Kun Matsui,Kun,Matsui,C,J,45,92,C_J,1,0
core-01045,Lijun Yamashita,Lijun,Yamashita,C,J,46,29,C_J,1,0
core-01046,Xiaoli Masuda,Xiaoli,Masuda,C,J,47,66,C_J,1,0
core-01047,Jianguo Tanaka,Jianguo,Tanaka,C,J,48,3,C_J,1,0
core-01048,Jianjun Murakami,Jianjun,Murakami,C,J,49,40,C_J,1,0
core-01049,Xiaoping Taniguchi,Xiaoping,Taniguchi,C,J,50,77,C_J,1,0
core-01050,Meng Sasaki,Meng,Sasaki,C,J,51,14,C_J,1,0
core-01051,Tingting Kaneko,Tingting,Kaneko,C,J,52,51,C_J,1,0
core-01052,Lijuan Hirano,Lijuan,Hirano,C,J,53,88,C_J,1,0
core-01053,Shan Hashimoto,Shan,Hashimoto,C,J,54,25,C_J,1,0
core-01054,Zhi Nakayama,Zhi,Nakayama,C,J,55,62,C_J,1,0
core-01055,Xiaoling Takada,Xiaoling,Takada,C,J,56,99,C_J,1,0
core-01056,Yuanyuan Hasegawa,Yuanyuan,Hasegawa,C,J,57,36,C_J,1,0
core-01057,Xiaodong Honda,Xiaodong,Honda,C,J,58,73,C_J,1,0
core-01058,Xiaoming Saito,Xiaoming,Saito,C,J,59,10,C_J,1,0
core-01059,Xing Takeuchi,Xing,Takeuchi,C,J,61,47,C_J,1,0
core-01060,Jingjing Kawamura,Jingjing,Kawamura,C,J,62,84,C_J,1,0
core-01061,Zhiyong Abe,Zhiyong,Abe,C,J,63,21,C_J,1,0
core-01062,Yanping Matsuda,Yanping,Matsuda,C,J,64,58,C_J,1,0
core-01063,Xiaohua Ida,Xiaohua,Ida,C,J,65,95,C_J,1,0
core-01064,Xuan Sakamoto,Xuan,Sakamoto,C,J,66,32,C_J,1,0
core-01065,Xiaofeng Uchida,Xiaofeng,Uchida,C,J,67,69,C_J,1,0
core-01066,Jianming Ito,Jianming,Ito,C,J,68,6,C_J,1,0
core-01067,Weidong Ueda,Weidong,Ueda,C,J,69,43,C_J,1,0
core-01068,Di Maruyama,Di,Maruyama,C,J,70,80,C_J,1,0
core-01069,Huan Inoue,Huan,Inoue,C,J,71,17,C_J,1,0
core-01070,Xiaojun Nakagawa,Xiaojun,Nakagawa,C,J,72,54,C_J,1,0
core-01071,Shuang Takeda,Shuang,Takeda,C,J,73,91,C_J,1,0
core-01072,Qiong Ishikawa,Qiong,Ishikawa,C,J,74,28,C_J,1,0
core-01073,Zhigang Shibata,Zhigang,Shibata,C,J,75,65,C_J,1,0
core-01074,Xiaoying Suzuki,Xiaoying,Suzuki,C,J,76,2,C_J,1,0
core-01075,Zhiming Sakai,Zhiming,Sakai,C,J,77,39,C_J,1,0
core-01076,Jianfeng Miyazaki,Jianfeng,Miyazaki,C,J,78,76,C_J,1,0
core-01077,Xiaomei Yamada,Xiaomei,Yamada,C,J,79,13,C_J,1,0
core-01078,Xiaohui Fukuda,Xiaohui,Fukuda,C,J,80,50,C_J,1,0
core-01079,Hongmei Kubota,Hongmei,Kubota,C,J,81,87,C_J,1,0
core-01080,Zhiwei Nakajima,Zhiwei,Nakajima,C,J,82,24,C_J,1,0
core-01081,Xuemei Tamura,Xuemei,Tamura,C,J,83,61,C_J,1,0
core-01082,Long Kinoshita,Long,Kinoshita,C,J,84,98,C_J,1,0
core-01083,Chunyan Okada,Chunyan,Okada,C,J,85,35,C_J,1,0
core-01084,Weiwei Miyamoto,Weiwei,Miyamoto,C,J,86,72,C_J,1,0
core-01085,Hongwei Kobayashi,Hongwei,Kobayashi,C,J,87,9,C_J,1,0
core-01086,Dongmei Aoki,Dongmei,Aoki,C,J,88,46,C_J,1,0
core-01087,Shu Fujimoto,Shu,Fujimoto,C,J,89,83,C_J,1,0
core-01088,Jinhua Hayashi,Jinhua,Hayashi,C,J,90,20,C_J,1,0
core-01089,Zhihua Harada,Zhihua,Harada,C,J,91,57,C_J,1,0
core-01090,Guoqiang Chiba,Guoqiang,Chiba,C,J,92,94,C_J,1,0
core-01091,Hai Ishii,Hai,Ishii,C,J,93,31,C_J,1,0
core-01092,Song Ando,Song,Ando,C,J,94,68,C_J,1,0
core-01093,Hongyan Takahashi,Hongyan,Takahashi,C,J,95,5,C_J,1,0
core-01094,Xiaoyu Kikuchi,Xiaoyu,Kikuchi,C,J,96,42,C_J,1,0
core-01095,Jianxin Imai,Jianxin,Imai,C,J,97,79,C_J,1,0
core-01096,Guohua Yamaguchi,Guohua,Yamaguchi,C,J,98,16,C_J,1,0
core-01097,Han Okamoto,Han,Okamoto,C,J,99,53,C_J,1,0
core-01098,Jianzhong Noguchi,Jianzhong,Noguchi,C,J,100,90,C_J,1,0
core-01099,Chun Yamazaki,Chun,Yamazaki,C,J,101,27,C_J,1,0
core-01100,Zhijun Wada,Zhijun,Wada,C,J,102,64,C_J,1,0
core-01101,Wei Yoshida,Wei,Yoshida,C,J,2,12,C_J,1,1
core-01102,Yan Fujii,Yan,Fujii,C,J,3,49,C_J,1,1
core-01103,Li Murata,Li,Murata,C,J,4,86,C_J,1,1
core-01104,Ying Mori,Ying,Mori,C,J,5,23,C_J,1,1
core-01105,Hui Morita,Hui,Morita,C,J,6,60,C_J,1,1
core-01106,Lei Sugawara,Lei,Sugawara,C,J,7,97,C_J,1,1
core-01107,Hong Maeda,Hong,Maeda,C,J,8,34,C_J,1,1
core-01108,Yu Yokoyama,Yu,Yokoyama,C,J,9,71,C_J,1,1
core-01109,Min Nakamura,Min,Nakamura,C,J,10,8,C_J,1,1
core-01110,Xin Endo,Xin,Endo,C,J,11,45,C_J,1,1
core-01111,Bin Sugiyama,Bin,Sugiyama,C,J,12,82,C_J,1,1
core-01112,Ping Shimizu,Ping,Shimizu,C,J,13,19,C_J,1,1
core-01113,Lin Miura,Lin,Miura,C,J,14,56,C_J,1,1
core-01114,Yong Sakurai,Yong,Sakurai,C,J,15,93,C_J,1,1
core-01115,Ming Ogawa,Ming,Ogawa,C,J,16,30,C_J,1,1
core-01116,Ling Hara,Ling,Hara,C,J,17,67,C_J,1,1
core-01117,Qing Watanabe,Qing,Watanabe,C,J,18,4,C_J,1,1
core-01118,Peng Ota,Peng,Ota,C,J,19,41,C_J,1,1
core-01119,Qiang Ueno,Qiang,Ueno,C,J,20,78,C_J,1,1
core-01120,Yun Matsumoto,Yun,Matsumoto,C,J,21,15,C_J,1,1
core-01121,Jin Nishimura,Jin,Nishimura,C,J,22,52,C_J,1,1
core-01122,Rong Otsuka,Rong,Otsuka,C,J,23,89,C_J,1,1
core-01123,Chao Ikeda,Chao,Ikeda,C,J,24,26,C_J,1,1
core-01124,Gang Ishida,Gang,Ishida,C,J,25,63,C_J,1,1
core-01125,Yue Nomura,Yue,Nomura,C,J,26,100,C_J,1,1
core-01126,Jianhua Fujita,Jianhua,Fujita,C,J,27,37,C_J,1,1
core-01127,Xiaoyan Koyama,Xiaoyan,Koyama,C,J,28,74,C_J,1,1
core-01128,Na Kato,Na,Kato,C,J,29,11,C_J,1,1
core-01129,Liping Nakano,Liping,Nakano,C,J,30,48,C_J,1,1
core-01130,Mei Kono,Mei,Kono,C,J,31,85,C_J,1,1
core-01131,Ning Ono,Ning,Ono,C,J,32,22,C_J,1,1
core-01132,Zhen Kojima,Zhen,Kojima,C,J,33,59,C_J,1,1
core-01133,Chen Kubo,Chen,Kubo,C,J,34,96,C_J,1,1
core-01134,Kai Goto,Kai,Goto,C,J,35,33,C_J,1,1
core-01135,Cheng Shimada,Cheng,Shimada,C,J,36,70,C_J,1,1
core-01136,Xiang Yamamoto,Xiang,Yamamoto,C,J,37,7,C_J,1,1
core-01137,Haiyan Arai,Haiyan,Arai,C,J,38,44,C_J,1,1
core-01138,Jianping Kudo,Jianping,Kudo,C,J,39,81,C_J,1,1
core-01139,Lihua Kimura,Lihua,Kimura,C,J,40,18,C_J,1,1
core-01140,Nan Fujiwara,Nan,Fujiwara,C,J,41,55,C_J,1,1
core-01141,Xiaohong Matsui,Xiaohong,Matsui,C,J,42,92,C_J,1,1
core-01142,Zhiqiang Yamashita,Zhiqiang,Yamashita,C,J,43,29,C_J,1,1
core-01143,Lan Masuda,Lan,Masuda,C,J,44,66,C_J,1,1
core-01144,Kun Tanaka,Kun,Tanaka,C,J,45,3,C_J,1,1
core-01145,Lijun Murakami,Lijun,Murakami,C,J,46,40,C_J,1,1
core-01146,Xiaoli Taniguchi,Xiaoli,Taniguchi,C,J,47,77,C_J,1,1
core-01147,Jianguo Sasaki,Jianguo,Sasaki,C,J,48,14,C_J,1,1
core-01148,Jianjun Kaneko,Jianjun,Kaneko,C,J,49,51,C_J,1,1
core-01149,Xiaoping Hirano,Xiaoping,Hirano,C,J,50,88,C_J,1,1
core-01150,Meng Hashimoto,Meng,Hashimoto,C,J,51,25,C_J,1,1
core-01151,Tingting Nakayama,Tingting,Nakayama,C,J,52,62,C_J,1,1
core-01152,Lijuan Takada,Lijuan,Takada,C,J,53,99,C_J,1,1
core-01153,Shan Hasegawa,Shan,Hasegawa,C,J,54,36,C_J,1,1
core-01154,Zhi Honda,Zhi,Honda,C,J,55,73,C_J,1,1
core-01155,Xiaoling Saito,Xiaoling,Saito,C,J,56,10,C_J,1,1
core-01156,Yuanyuan Takeuchi,Yuanyuan,Takeuchi,C,J,57,47,C_J,1,1
core-01157,Xiaodong Kawamura,Xiaodong,Kawamura,C,J,58,84,C_J,1,1
core-01158,Xiaoming Abe,Xiaoming,Abe,C,J,59,21,C_J,1,1
core-01159,Xing Matsuda,Xing,Matsuda,C,J,61,58,C_J,1,1
core-01160,Jingjing Ida,Jingjing,Ida,C,J,62,95,C_J,1,1
core-01161,Zhiyong Sakamoto,Zhiyong,Sakamoto,C,J,63,32,C_J,1,1
core-01162,Yanping Uchida,Yanping,Uchida,C,J,64,69,C_J,1,1
core-01163,Xiaohua Ito,Xiaohua,Ito,C,J,65,6,C_J,1,1
core-01164,Xuan Ueda,Xuan,Ueda,C,J,66,43,C_J,1,1
core-01165,Xiaofeng Maruyama,Xiaofeng,Maruyama,C,J,67,80,C_J,1,1
core-01166,Jianming Inoue,Jianming,Inoue,C,J,68,17,C_J,1,1
core-01167,Weidong Nakagawa,Weidong,Nakagawa,C,J,69,54,C_J,1,1
core-01168,Di Takeda,Di,Takeda,C,J,70,91,C_J,1,1
core-01169,Huan Ishikawa,Huan,Ishikawa,C,J,71,28,C_J,1,1
core-01170,Xiaojun Shibata,Xiaojun,Shibata,C,J,72,65,C_J,1,1
core-01171,Shuang Suzuki,Shuang,Suzuki,C,J,73,2,C_J,1,1
core-01172,Qiong Sakai,Qiong,Sakai,C,J,74,39,C_J,1,1
core-01173,Zhigang Miyazaki,Zhigang,Miyazaki,C,J,75,76,C_J,1,1
core-01174,Xiaoying Yamada,Xiaoying,Yamada,C,J,76,13,C_J,1,1
core-01175,Zhiming Fukuda,Zhiming,Fukuda,C,J,77,50,C_J,1,1
core-01176,Jianfeng Kubota,Jianfeng,Kubota,C,J,78,87,C_J,1,1
core-01177,Xiaomei Nakajima,Xiaomei,Nakajima,C,J,79,24,C_J,1,1
core-01178,Xiaohui Tamura,Xiaohui,Tamura,C,J,80,61,C_J,1,1
core-01179,Hongmei Kinoshita,Hongmei,Kinoshita,C,J,81,98,C_J,1,1
core-01180,Zhiwei Okada,Zhiwei,Okada,C,J,82,35,C_J,1,1
core-01181,Xuemei Miyamoto,Xuemei,Miyamoto,C,J,83,72,C_J,1,1
core-01182,Long Kobayashi,Long,Kobayashi,C,J,84,9,C_J,1,1
core-01183,Chunyan Aoki,Chunyan,Aoki,C,J,85,46,C_J,1,1
core-01184,Weiwei Fujimoto,Weiwei,Fujimoto,C,J,86,83,C_J,1,1
core-01185,Hongwei Hayashi,Hongwei,Hayashi,C,J,87,20,C_J,1,1
core-01186,Dongmei Harada,Dongmei,Harada,C,J,88,57,C_J,1,1
core-01187,Shu Chiba,Shu,Chiba,C,J,89,94,C_J,1,1
core-01188,Jinhua Ishii,Jinhua,Ishii,C,J,90,31,C_J,1,1
core-01189,Zhihua Ando,Zhihua,Ando,C,J,91,68,C_J,1,1
core-01190,Guoqiang Takahashi,Guoqiang,Takahashi,C,J,92,5,C_J,1,1
core-01191,Hai Kikuchi,Hai,Kikuchi,C,J,93,42,C_J,1,1
core-01192,Song Imai,Song,Imai,C,J,94,79,C_J,1,1
core-01193,Hongyan Yamaguchi,Hongyan,Yamaguchi,C,J,95,16,C_J,1,1
core-01194,Xiaoyu Okamoto,Xiaoyu,Okamoto,C,J,96,53,C_J,1,1
core-01195,Jianxin Noguchi,Jianxin,Noguchi,C,J,97,90,C_J,1,1
core-01196,Guohua Yamazaki,Guohua,Yamazaki,C,J,98,27,C_J,1,1
core-01197,Han Wada,Han,Wada,C,J,99,64,C_J,1,1
core-01198,Jianzhong Sato,Jianzhong,Sato,C,J,100,1,C_J,1,1
core-01199,Chun Kondo,Chun,Kondo,C,J,101,38,C_J,1,1
core-01200,Zhijun Takagi,Zhijun,Takagi,C,J,102,75,C_J,1,1
core-01201,Wei Mori,Wei,Mori,C,J,2,23,C_J,1,2
core-01202,Yan Morita,Yan,Morita,C,J,3,60,C_J,1,2
core-01203,Li Sugawara,Li,Sugawara,C,J,4,97,C_J,1,2
core-01204,Ying Maeda,Ying,Maeda,C,J,5,34,C_J,1,2
core-01205,Hui Yokoyama,Hui,Yokoyama,C,J,6,71,C_J,1,2
core-01206,Lei Nakamura,Lei,Nakamura,C,J,7,8,C_J,1,2
core-01207,Hong Endo,Hong,Endo,C,J,8,45,C_J,1,2
core-01208,Yu Sugiyama,Yu,Sugiyama,C,J,9,82,C_J,1,2
core-01209,Min Shimizu,Min,Shimizu,C,J,10,19,C_J,1,2
core-01210,Xin Miura,Xin,Miura,C,J,11,56,C_J,1,2
core-01211,Bin Sakurai,Bin,Sakurai,C,J,12,93,C_J,1,2
core-01212,Ping Ogawa,Ping,Ogawa,C,J,13,30,C_J,1,2
core-01213,Lin Hara,Lin,Hara,C,J,14,67,C_J,1,2
core-01214,Yong Watanabe,Yong,Watanabe,C,J,15,4,C_J,1,2
core-01215,Ming Ota,Ming,Ota,C,J,16,41,C_J,1,2
core-01216,Ling Ueno,Ling,Ueno,C,J,17,78,C_J,1,2
core-01217,Qing Matsumoto,Qing,Matsumoto,C,J,18,15,C_J,1,2
core-01218,Peng Nishimura,Peng,Nishimura,C,J,19,52,C_J,1,2
core-01219,Qiang Otsuka,Qiang,Otsuka,C,J,20,89,C_J,1,2
core-01220,Yun Ikeda,Yun,Ikeda,C,J,21,26,C_J,1,2
core-01221,Jin Ishida,Jin,Ishida,C,J,22,63,C_J,1,2
core-01222,Rong Nomura,Rong,Nomura,C,J,23,100,C_J,1,2
core-01223,Chao Fujita,Chao,Fujita,C,J,24,37,C_J,1,2
core-01224,Gang Koyama,Gang,Koyama,C,J,25,74,C_J,1,2
core-01225,Yue Kato,Yue,Kato,C,J,26,11,C_J,1,2
core-01226,Jianhua Nakano,Jianhua,Nakano,C,J,27,48,C_J,1,2
core-01227,Xiaoyan Kono,Xiaoyan,Kono,C,J,28,85,C_J,1,2
core-01228,Na Ono,Na,Ono,C,J,29,22,C_J,1,2
core-01229,Liping Kojima,Liping,Kojima,C,J,30,59,C_J,1,2
core-01230,Mei Kubo,Mei,Kubo,C,J,31,96,C_J,1,2
core-01231,Ning Goto,Ning,Goto,C,J,32,33,C_J,1,2
core-01232,Zhen Shimada,Zhen,Shimada,C,J,33,70,C_J,1,2
core-01233,Chen Yamamoto,Chen,Yamamoto,C,J,34,7,C_J,1,2
core-01234,Kai Arai,Kai,Arai,C,J,35,44,C_J,1,2
core-01235,Cheng Kudo,Cheng,Kudo,C,J,36,81,C_J,1,2
core-01236,Xiang Kimura,Xiang,Kimura,C,J,37,18,C_J,1,2
core-01237,Haiyan Fujiwara,Haiyan,Fujiwara,C,J,38,55,C_J,1,2
core-01238,Jianping Matsui,Jianping,Matsui,C,J,39,92,C_J,1,2
core-01239,Lihua Yamashita,Lihua,Yamashita,C,J,40,29,C_J,1,2
core-01240,Nan Masuda,Nan,Masuda,C,J,41,66,C_J,1,2
core-01241,Xiaohong Tanaka,Xiaohong,Tanaka,C,J,42,3,C_J,1,2
core-01242,Zhiqiang Murakami,Zhiqiang,Murakami,C,J,43,40,C_J,1,2
core-01243,Lan Taniguchi,Lan,Taniguchi,C,J,44,77,C_J,1,2
core-01244,Kun Sasaki,Kun,Sasaki,C,J,45,14,C_J,1,2
core-01245,Lijun Kaneko,Lijun,Kaneko,C,J,46,51,C_J,1,2
core-01246,Xiaoli Hirano,Xiaoli,Hirano,C,J,47,88,C_J,1,2
core-01247,Jianguo Hashimoto,Jianguo,Hashimoto,C,J,48,25,C_J,1,2
core-01248,Jianjun Nakayama,Jianjun,Nakayama,C,J,49,62,C_J,1,2
core-01249,Xiaoping Takada,Xiaoping,Takada,C,J,50,99,C_J,1,2
core-01250,Meng Hasegawa,Meng,Hasegawa,C,J,51,36,C_J,1,2
core-01251,Tingting Honda,Tingting,Honda,C,J,52,73,C_J,1,2
core-01252,Lijuan Saito,Lijuan,Saito,C,J,53,10,C_J,1,2
core-01253,Shan Takeuchi,Shan,Takeuchi,C,J,54,47,C_J,1,2
core-01254,Zhi Kawamura,Zhi,Kawamura,C,J,55,84,C_J,1,2
core-01255,Xiaoling Abe,Xiaoling,Abe,C,J,56,21,C_J,1,2
core-01256,Yuanyuan Matsuda,Yuanyuan,Matsuda,C,J,57,58,C_J,1,2
core-01257,Xiaodong Ida,Xiaodong,Ida,C,J,58,95,C_J,1,2
core-01258,Xiaoming Sakamoto,Xiaoming,Sakamoto,C,J,59,32,C_J,1,2
core-01259,Xing Uchida,Xing,Uchida,C,J,61,69,C_J,1,2
core-01260,Jingjing Ito,Jingjing,Ito,C,J,62,6,C_J,1,2
core-01261,Zhiyong Ueda,Zhiyong,Ueda,C,J,63,43,C_J,1,2
core-01262,Yanping Maruyama,Yanping,Maruyama,C,J,64,80,C_J,1,2
core-01263,Xiaohua Inoue,Xiaohua,Inoue,C,J,65,17,C_J,1,2
core-01264,Xuan Nakagawa,Xuan,Nakagawa,C,J,66,54,C_J,1,2
core-01265,Xiaofeng Takeda,Xiaofeng,Takeda,C,J,67,91,C_J,1,2
core-01266,Jianming Ishikawa,Jianming,Ishikawa,C,J,68,28,C_J,1,2
core-01267,Weidong Shibata,Weidong,Shibata,C,J,69,65,C_J,1,2
core-01268,Di Suzuki,Di,Suzuki,C,J,70,2,C_J,1,2
core-01269,Huan Sakai,Huan,Sakai,C,J,71,39,C_J,1,2
core-01270,Xiaojun Miyazaki,Xiaojun,Miyazaki,C,J,72,76,C_J,1,2
core-01271,Shuang Yamada,Shuang,Yamada,C,J,73,13,C_J,1,2
core-01272,Qiong Fukuda,Qiong,Fukuda,C,J,74,50,C_J,1,2
core-01273,Zhigang Kubota,Zhigang,Kubota,C,J,75,87,C_J,1,2
core-01274,Xiaoying Nakajima,Xiaoying,Nakajima,C,J,76,24,C_J,1,2
core-01275,Zhiming Tamura,Zhiming,Tamura,C,J,77,61,C_J,1,2
core-01276,Jianfeng Kinoshita,Jianfeng,Kinoshita,C,J,78,98,C_J,1,2
core-01277,Xiaomei Okada,Xiaomei,Okada,C,J,79,35,C_J,1,2
core-01278,Xiaohui Miyamoto,Xiaohui,Miyamoto,C,J,80,72,C_J,1,2
core-01279,Hongmei Kobayashi,Hongmei,Kobayashi,C,J,81,9,C_J,1,2
core-01280,Zhiwei Aoki,Zhiwei,Aoki,C,J,82,46,C_J,1,2
core-01281,Xuemei Fujimoto,Xuemei,Fujimoto,C,J,83,83,C_J,1,2
core-01282,Long Hayashi,Long,Hayashi,C,J,84,20,C_J,1,2
core-01283,Chunyan Harada,Chunyan,Harada,C,J,85,57,C_J,1,2
core-01284,Weiwei Chiba,Weiwei,Chiba,C,J,86,94,C_J,1,2
core-01285,Hongwei Ishii,Hongwei,Ishii,C,J,87,31,C_J,1,2
core-01286,Dongmei Ando,Dongmei,Ando,C,J,88,68,C_J,1,2
core-01287,Shu Takahashi,Shu,Takahashi,C,J,89,5,C_J,1,2
core-01288,Jinhua Kikuchi,Jinhua,Kikuchi,C,J,90,42,C_J,1,2
core-01289,Zhihua Imai,Zhihua,Imai,C,J,91,79,C_J,1,2
core-01290,Guoqiang Yamaguchi,Guoqiang,Yamaguchi,C,J,92,16,C_J,1,2
core-01291,Hai Okamoto,Hai,Okamoto,C,J,93,53,C_J,1,2
core-01292,Song Noguchi,Song,Noguchi,C,J,94,90,C_J,1,2
core-01293,Hongyan Yamazaki,Hongyan,Yamazaki,C,J,95,27,C_J,1,2
core-01294,Xiaoyu Wada,Xiaoyu,Wada,C,J,96,64,C_J,1,2
core-01295,Jianxin Sato,Jianxin,Sato,C,J,97,1,C_J,1,2
core-01296,Guohua Kondo,Guohua,Kondo,C,J,98,38,C_J,1,2
core-01297,Han Takagi,Han,Takagi,C,J,99,75,C_J,1,2
core-01298,Jianzhong Yoshida,Jianzhong,Yoshida,C,J,100,12,C_J,1,2
core-01299,Chun Fujii,Chun,Fujii,C,J,101,49,C_J,1,2
core-01300,Zhijun Murata,Zhijun,Murata,C,J,102,86,C_J,1,2
core-01301,Wei Maeda,Wei,Maeda,C,J,2,34,C_J,1,3
core-01302,Yan Yokoyama,Yan,Yokoyama,C,J,3,71,C_J,1,3
core-01303,Li Nakamura,Li,Nakamura,C,J,4,8,C_J,1,3
core-01304,Ying Endo,Ying,Endo,C,J,5,45,C_J,1,3
core-01305,Hui Sugiyama,Hui,Sugiyama,C,J,6,82,C_J,1,3
core-01306,Lei Shimizu,Lei,Shimizu,C,J,7,19,C_J,1,3
core-01307,Hong Miura,Hong,Miura,C,J,8,56,C_J,1,3
core-01308,Yu Sakurai,Yu,Sakurai,C,J,9,93,C_J,1,3
core-01309,Min Ogawa,Min,Ogawa,C,J,10,30,C_J,1,3
core-01310,Xin Hara,Xin,Hara,C,J,11,67,C_J,1,3
core-01311,Bin Watanabe,Bin,Watanabe,C,J,12,4,C_J,1,3
core-01312,Ping Ota,Ping,Ota,C,J,13,41,C_J,1,3
core-01313,Lin Ueno,Lin,Ueno,C,J,14,78,C_J,1,3
core-01314,Yong Matsumoto,Yong,Matsumoto,C,J,15,15,C_J,1,3
core-01315,Ming Nishimura,Ming,Nishimura,C,J,16,52,C_J,1,3
core-01316,Ling Otsuka,Ling,Otsuka,C,J,17,89,C_J,1,3
core-01317,Qing Ikeda,Qing,Ikeda,C,J,18,26,C_J,1,3
core-01318,Peng Ishida,Peng,Ishida,C,J,19,63,C_J,1,3
core-01319,Qiang Nomura,Qiang,Nomura,C,J,20,100,C_J,1,3
core-01320,Yun Fujita,Yun,Fujita,C,J,21,37,C_J,1,3
core-01321,Jin Koyama,Jin,Koyama,C,J,22,74,C_J,1,3
core-01322,Rong Kato,Rong,Kato,C,J,23,11,C_J,1,3
core-01323,Chao Nakano,Chao,Nakano,C,J,24,48,C_J,1,3
core-01324,Gang Kono,Gang,Kono,C,J,25,85,C_J,1,3
core-01325,Yue Ono,Yue,Ono,C,J,26,22,C_J,1,3
core-01326,Jianhua Kojima,Jianhua,Kojima,C,J,27,59,C_J,1,3
core-01327,Xiaoyan Kubo,Xiaoyan,Kubo,C,J,28,96,C_J,1,3
core-01328,Na Goto,Na,Goto,C,J,29,33,C_J,1,3
core-01329,Liping Shimada,Liping,Shimada,C,J,30,70,C_J,1,3
core-01330,Mei Yamamoto,Mei,Yamamoto,C,J,31,7,C_J,1,3
core-01331,Ning Arai,Ning,Arai,C,J,32,44,C_J,1,3
core-01332,Zhen Kudo,Zhen,Kudo,C,J,33,81,C_J,1,3
core-01333,Chen Kimura,Chen,Kimura,C,J,34,18,C_J,1,3
core-01334,Kai Fujiwara,Kai,Fujiwara,C,J,35,55,C_J,1,3
core-01335,Cheng Matsui,Cheng,Matsui,C,J,36,92,C_J,1,3
core-01336,Xiang Yamashita,Xiang,Yamashita,C,J,37,29,C_J,1,3
core-01337,Haiyan Masuda,Haiyan,Masuda,C,J,38,66,C_J,1,3
core-01338,Jianping Tanaka,Jianping,Tanaka,C,J,39,3,C_J,1,3
core-01339,Lihua Murakami,Lihua,Murakami,C,J,40,40,C_J,1,3
core-01340,Nan Taniguchi,Nan,Taniguchi,C,J,41,77,C_J,1,3
core-01341,Xiaohong Sasaki,Xiaohong,Sasaki,C,J,42,14,C_J,1,3
core-01342,Zhiqiang Kaneko,Zhiqiang,Kaneko,C,J,43,51,C_J,1,3
core-01343,Lan Hirano,Lan,Hirano,C,J,44,88,C_J,1,3
core-01344,Kun Hashimoto,Kun,Hashimoto,C,J,45,25,C_J,1,3
core-01345,Lijun Nakayama,Lijun,Nakayama,C,J,46,62,C_J,1,3
core-01346,Xiaoli Takada,Xiaoli,Takada,C,J,47,99,C_J,1,3
core-01347,Jianguo Hasegawa,Jianguo,Hasegawa,C,J,48,36,C_J,1,3
core-01348,Jianjun Honda,Jianjun,Honda,C,J,49,73,C_J,1,3
core-01349,Xiaoping Saito,Xiaoping,Saito,C,J,50,10,C_J,1,3
core-01350,Meng Takeuchi,Meng,Takeuchi,C,J,51,47,C_J,1,3
core-01351,Tingting Kawamura,Tingting,Kawamura,C,J,52,84,C_J,1,3
core-01352,Lijuan Abe,Lijuan,Abe,C,J,53,21,C_J,1,3
core-01353,Shan Matsuda,Shan,Matsuda,C,J,54,58,C_J,1,3
core-01354,Zhi Ida,Zhi,Ida,C,J,55,95,C_J,1,3
core-01355,Xiaoling Sakamoto,Xiaoling,Sakamoto,C,J,56,32,C_J,1,3
core-01356,Yuanyuan Uchida,Yuanyuan,Uchida,C,J,57,69,C_J,1,3
core-01357,Xiaodong Ito,Xiaodong,Ito,C,J,58,6,C_J,1,3
core-01358,Xiaoming Ueda,Xiaoming,Ueda,C,J,59,43,C_J,1,3
core-01359,Xing Maruyama,Xing,Maruyama,C,J,61,80,C_J,1,3
core-01360,Jingjing Inoue,Jingjing,Inoue,C,J,62,17,C_J,1,3
core-01361,Zhiyong Nakagawa,Zhiyong,Nakagawa,C,J,63,54,C_J,1,3
core-01362,Yanping Takeda,Yanping,Takeda,C,J,64,91,C_J,1,3
core-01363,Xiaohua Ishikawa,Xiaohua,Ishikawa,C,J,65,28,C_J,1,3
core-01364,Xuan Shibata,Xuan,Shibata,C,J,66,65,C_J,1,3
core-01365,Xiaofeng Suzuki,Xiaofeng,Suzuki,C,J,67,2,C_J,1,3
core-01366,Jianming Sakai,Jianming,Sakai,C,J,68,39,C_J,1,3
core-01367,Weidong Miyazaki,Weidong,Miyazaki,C,J,69,76,C_J,1,3
core-01368,Di Yamada,Di,Yamada,C,J,70,13,C_J,1,3
core-01369,Huan Fukuda,Huan,Fukuda,C,J,71,50,C_J,1,3
core-01370,Xiaojun Kubota,Xiaojun,Kubota,C,J,72,87,C_J,1,3
core-01371,Shuang Nakajima,Shuang,Nakajima,C,J,73,24,C_J,1,3
core-01372,Qiong Tamura,Qiong,Tamura,C,J,74,61,C_J,1,3
core-01373,Zhigang Kinoshita,Zhigang,Kinoshita,C,J,75,98,C_J,1,3
core-01374,Xiaoying Okada,Xiaoying,Okada,C,J,76,35,C_J,1,3
core-01375,Zhiming Miyamoto,Zhiming,Miyamoto,C,J,77,72,C_J,1,3
core-01376,Jianfeng Kobayashi,Jianfeng,Kobayashi,C,J,78,9,C_J,1,3
core-01377,Xiaomei Aoki,Xiaomei,Aoki,C,J,79,46,C_J,1,3
core-01378,Xiaohui Fujimoto,Xiaohui,Fujimoto,C,J,80,83,C_J,1,3
core-01379,Hongmei Hayashi,Hongmei,Hayashi,C,J,81,20,C_J,1,3
core-01380,Zhiwei Harada,Zhiwei,Harada,C,J,82,57,C_J,1,3
core-01381,Xuemei Chiba,Xuemei,Chiba,C,J,83,94,C_J,1,3
core-01382,Long Ishii,Long,Ishii,C,J,84,31,C_J,1,3
core-01383,Chunyan Ando,Chunyan,Ando,C,J,85,68,C_J,1,3
core-01384,Weiwei Takahashi,Weiwei,Takahashi,C,J,86,5,C_J,1,3
core-01385,Hongwei Kikuchi,Hongwei,Kikuchi,C,J,87,42,C_J,1,3
core-01386,Dongmei Imai,Dongmei,Imai,C,J,88,79,C_J,1,3
core-01387,Shu Yamaguchi,Shu,Yamaguchi,C,J,89,16,C_J,1,3
core-01388,Jinhua Okamoto,Jinhua,Okamoto,C,J,90,53,C_J,1,3
core-01389,Zhihua Noguchi,Zhihua,Noguchi,C,J,91,90,C_J,1,3
core-01390,Guoqiang Yamazaki,Guoqiang,Yamazaki,C,J,92,27,C_J,1,3
core-01391,Hai Wada,Hai,Wada,C,J,93,64,C_J,1,3
core-01392,Song Sato,Song,Sato,C,J,94,1,C_J,1,3
core-01393,Hongyan Kondo,Hongyan,Kondo,C,J,95,38,C_J,1,3
core-01394,Xiaoyu Takagi,Xiaoyu,Takagi,C,J,96,75,C_J,1,3
core-01395,Jianxin Yoshida,Jianxin,Yoshida,C,J,97,12,C_J,1,3
core-01396,Guohua Fujii,Guohua,Fujii,C,J,98,49,C_J,1,3
core-01397,Han Murata,Han,Murata,C,J,99,86,C_J,1,3
core-01398,Jianzhong Mori,Jianzhong,Mori,C,J,100,23,C_J,1,3
core-01399,Chun Morita,Chun,Morita,C,J,101,60,C_J,1,3
core-01400,Zhijun Sugawara,Zhijun,Sugawara,C,J,102,97,C_J,1,3
core-01401,Wei Endo,Wei,Endo,C,J,2,45,C_J,1,4
core-01402,Yan Sugiyama,Yan,Sugiyama,C,J,3,82,C_J,1,4
core-01403,Li Shimizu,Li,Shimizu,C,J,4,19,C_J,1,4
core-01404,Ying Miura,Ying,Miura,C,J,5,56,C_J,1,4
core-01405,Hui Sakurai,Hui,Sakurai,C,J,6,93,C_J,1,4
core-01406,Lei Ogawa,Lei,Ogawa,C,J,7,30,C_J,1,4
core-01407,Hong Hara,Hong,Hara,C,J,8,67,C_J,1,4
core-01408,Yu Watanabe,Yu,Watanabe,C,J,9,4,C_J,1,4
core-01409,Min Ota,Min,Ota,C,J,10,41,C_J,1,4
core-01410,Xin Ueno,Xin,Ueno,C,J,11,78,C_J,1,4
core-01411,Bin Matsumoto,Bin,Matsumoto,C,J,12,15,C_J,1,4
core-01412,Ping Nishimura,Ping,Nishimura,C,J,13,52,C_J,1,4
core-01413,Lin Otsuka,Lin,Otsuka,C,J,14,89,C_J,1,4
core-01414,Yong Ikeda,Yong,Ikeda,C,J,15,26,C_J,1,4
core-01415,Ming Ishida,Ming,Ishida,C,J,16,63,C_J,1,4
core-01416,Ling Nomura,Ling,Nomura,C,J,17,100,C_J,1,4
core-01417,Qing Fujita,Qing,Fujita,C,J,18,37,C_J,1,4
core-01418,Peng Koyama,Peng,Koyama,C,J,19,74,C_J,1,4
core-01419,Qiang Kato,Qiang,Kato,C,J,20,11,C_J,1,4
core-01420,Yun Nakano,Yun,Nakano,C,J,21,48,C_J,1,4
core-01421,Jin Kono,Jin,Kono,C,J,22,85,C_J,1,4
core-01422,Rong Ono,Rong,Ono,C,J,23,22,C_J,1,4
core-01423,Chao Kojima,Chao,Kojima,C,J,24,59,C_J,1,4
core-01424,Gang Kubo,Gang,Kubo,C,J,25,96,C_J,1,4
core-01425,Yue Goto,Yue,Goto,C,J,26,33,C_J,1,4
core-01426,Jianhua Shimada,Jianhua,Shimada,C,J,27,70,C_J,1,4
core-01427,Xiaoyan Yamamoto,Xiaoyan,Yamamoto,C,J,28,7,C_J,1,4
core-01428,Na Arai,Na,Arai,C,J,29,44,C_J,1,4
core-01429,Liping Kudo,Liping,Kudo,C,J,30,81,C_J,1,4
core-01430,Mei Kimura,Mei,Kimura,C,J,31,18,C_J,1,4
core-01431,Ning Fujiwara,Ning,Fujiwara,C,J,32,55,C_J,1,4
core-01432,Zhen Matsui,Zhen,Matsui,C,J,33,92,C_J,1,4
core-01433,Chen Yamashita,Chen,Yamashita,C,J,34,29,C_J,1,4
core-01434,Kai Masuda,Kai,Masuda,C,J,35,66,C_J,1,4
core-01435,Cheng Tanaka,Cheng,Tanaka,C,J,36,3,C_J,1,4
core-01436,Xiang Murakami,Xiang,Murakami,C,J,37,40,C_J,1,4
core-01437,Haiyan Taniguchi,Haiyan,Taniguchi,C,J,38,77,C_J,1,4
core-01438,Jianping Sasaki,Jianping,Sasaki,C,J,39,14,C_J,1,4
core-01439,Lihua Kaneko,Lihua,Kaneko,C,J,40,51,C_J,1,4
core-01440,Nan Hirano,Nan,Hirano,C,J,41,88,C_J,1,4
core-01441,Xiaohong Hashimoto,Xiaohong,Hashimoto,C,J,42,25,C_J,1,4
core-01442,Zhiqiang Nakayama,Zhiqiang,Nakayama,C,J,43,62,C_J,1,4
core-01443,Lan Takada,Lan,Takada,C,J,44,99,C_J,1,4
core-01444,Kun Hasegawa,Kun,Hasegawa,C,J,45,36,C_J,1,4
core-01445,Lijun Honda,Lijun,Honda,C,J,46,73,C_J,1,4
core-01446,Xiaoli Saito,Xiaoli,Saito,C,J,47,10,C_J,1,4
core-01447,Jianguo Takeuchi,Jianguo,Takeuchi,C,J,48,47,C_J,1,4
core-01448,Jianjun Kawamura,Jianjun,Kawamura,C,J,49,84,C_J,1,4
core-01449,Xiaoping Abe,Xiaoping,Abe,C,J,50,21,C_J,1,4
core-01450,Meng Matsuda,Meng,Matsuda,C,J,51,58,C_J,1,4
core-01451,Tingting Ida,Tingting,Ida,C,J,52,95,C_J,1,4
core-01452,Lijuan Sakamoto,Lijuan,Sakamoto,C,J,53,32,C_J,1,4
core-01453,Shan Uchida,Shan,Uchida,C,J,54,69,C_J,1,4
core-01454,Zhi Ito,Zhi,Ito,C,J,55,6,C_J,1,4
core-01455,Xiaoling Ueda,Xiaoling,Ueda,C,J,56,43,C_J,1,4
core-01456,Yuanyuan Maruyama,Yuanyuan,Maruyama,C,J,57,80,C_J,1,4
core-01457,Xiaodong Inoue,Xiaodong,Inoue,C,J,58,17,C_J,1,4
core-01458,Xiaoming Nakagawa,Xiaoming,Nakagawa,C,J,59,54,C_J,1,4
core-01459,Xing Takeda,Xing,Takeda,C,J,61,91,C_J,1,4
core-01460,Jingjing Ishikawa,Jingjing,Ishikawa,C,J,62,28,C_J,1,4
core-01461,Zhiyong Shibata,Zhiyong,Shibata,C,J,63,65,C_J,1,4
core-01462,Yanping Suzuki,Yanping,Suzuki,C,J,64,2,C_J,1,4
core-01463,Xiaohua Sakai,Xiaohua,Sakai,C,J,65,39,C_J,1,4
core-01464,Xuan Miyazaki,Xuan,Miyazaki,C,J,66,76,C_J,1,4
core-01465,Xiaofeng Yamada,Xiaofeng,Yamada,C,J,67,13,C_J,1,4
core-01466,Jianming Fukuda,Jianming,Fukuda,C,J,68,50,C_J,1,4
core-01467,Weidong Kubota,Weidong,Kubota,C,J,69,87,C_J,1,4
core-01468,Di Nakajima,Di,Nakajima,C,J,70,24,C_J,1,4
core-01469,Huan Tamura,Huan,Tamura,C,J,71,61,C_J,1,4
core-01470,Xiaojun Kinoshita,Xiaojun,Kinoshita,C,J,72,98,C_J,1,4
core-01471,Shuang Okada,Shuang,Okada,C,J,73,35,C_J,1,4
core-01472,Qiong Miyamoto,Qiong,Miyamoto,C,J,74,72,C_J,1,4
core-01473,Zhigang Kobayashi,Zhigang,Kobayashi,C,J,75,9,C_J,1,4
core-01474,Xiaoying Aoki,Xiaoying,Aoki,C,J,76,46,C_J,1,4
core-01475,Zhiming Fujimoto,Zhiming,Fujimoto,C,J,77,83,C_J,1,4
core-01476,Jianfeng Hayashi,Jianfeng,Hayashi,C,J,78,20,C_J,1,4
core-01477,Xiaomei Harada,Xiaomei,Harada,C,J,79,57,C_J,1,4
core-01478,Xiaohui Chiba,Xiaohui,Chiba,C,J,80,94,C_J,1,4
core-01479,Hongmei Ishii,Hongmei,Ishii,C,J,81,31,C_J,1,4
core-01480,Zhiwei Ando,Zhiwei,Ando,C,J,82,68,C_J,1,4
core-01481,Xuemei Takahashi,Xuemei,Takahashi,C,J,83,5,C_J,1,4
core-01482,Long Kikuchi,Long,Kikuchi,C,J,84,42,C_J,1,4
core-01483,Chunyan Imai,Chunyan,Imai,C,J,85,79,C_J,1,4
core-01484,Weiwei Yamaguchi,Weiwei,Yamaguchi,C,J,86,16,C_J,1,4
core-01485,Hongwei Okamoto,Hongwei,Okamoto,C,J,87,53,C_J,1,4
core-01486,Dongmei Noguchi,Dongmei,Noguchi,C,J,88,90,C_J,1,4
core-01487,Shu Yamazaki,Shu,Yamazaki,C,J,89,27,C_J,1,4
core-01488,Jinhua Wada,Jinhua,Wada,C,J,90,64,C_J,1,4
core-01489,Zhihua Sato,Zhihua,Sato,C,J,91,1,C_J,1,4
core-01490,Guoqiang Kondo,Guoqiang,Kondo,C,J,92,38,C_J,1,4
core-01491,Hai Takagi,Hai,Takagi,C,J,93,75,C_J,1,4
core-01492,Song Yoshida,Song,Yoshida,C,J,94,12,C_J,1,4
core-01493,Hongyan Fujii,Hongyan,Fujii,C,J,95,49,C_J,1,4
core-01494,Xiaoyu Murata,Xiaoyu,Murata,C,J,96,86,C_J,1,4
core-01495,Jianxin Mori,Jianxin,Mori,C,J,97,23,C_J,1,4
core-01496,Guohua Morita,Guohua,Morita,C,J,98,60,C_J,1,4
core-01497,Han Sugawara,Han,Sugawara,C,J,99,97,C_J,1,4
core-01498,Jianzhong Maeda,Jianzhong,Maeda,C,J,100,34,C_J,1,4
core-01499,Chun Yokoyama,Chun,Yokoyama,C,J,101,71,C_J,1,4
core-01500,Zhijun Nakamura,Zhijun,Nakamura,C,J,102,8,C_J,1,4
core-01501,Wei Miura,Wei,Miura,C,J,2,56,C_J,1,5
core-01502,Yan Sakurai,Yan,Sakurai,C,J,3,93,C_J,1,5
core-01503,Li Ogawa,Li,Ogawa,C,J,4,30,C_J,1,5
core-01504,Ying Hara,Ying,Hara,C,J,5,67,C_J,1,5
core-01505,Hui Watanabe,Hui,Watanabe,C,J,6,4,C_J,1,5
core-01506,Lei Ota,Lei,Ota,C,J,7,41,C_J,1,5
core-01507,Hong Ueno,Hong,Ueno,C,J,8,78,C_J,1,5
core-01508,Yu Matsumoto,Yu,Matsumoto,C,J,9,15,C_J,1,5
core-01509,Min Nishimura,Min,Nishimura,C,J,10,52,C_J,1,5
core-01510,Xin Otsuka,Xin,Otsuka,C,J,11,89,C_J,1,5
core-01511,Bin Ikeda,Bin,Ikeda,C,J,12,26,C_J,1,5
core-01512,Ping Ishida,Ping,Ishida,C,J,13,63,C_J,1,5
core-01513,Lin Nomura,Lin,Nomura,C,J,14,100,C_J,1,5
core-01514,Yong Fujita,Yong,Fujita,C,J,15,37,C_J,1,5
core-01515,Ming Koyama,Ming,Koyama,C,J,16,74,C_J,1,5
core-01516,Ling Kato,Ling,Kato,C,J,17,11,C_J,1,5
core-01517,Qing Nakano,Qing,Nakano,C,J,18,48,C_J,1,5
core-01518,Peng Kono,Peng,Kono,C,J,19,85,C_J,1,5
core-01519,Qiang Ono,Qiang,Ono,C,J,20,22,C_J,1,5
core-01520,Yun Kojima,Yun,Kojima,C,J,21,59,C_J,1,5
core-01521,Jin Kubo,Jin,Kubo,C,J,22,96,C_J,1,5
core-01522,Rong Goto,Rong,Goto,C,J,23,33,C_J,1,5
core-01523,Chao Shimada,Chao,Shimada,C,J,24,70,C_J,1,5
core-01524,Gang Yamamoto,Gang,Yamamoto,C,J,25,7,C_J,1,5
core-01525,Yue Arai,Yue,Arai,C,J,26,44,C_J,1,5
core-01526,Jianhua Kudo,Jianhua,Kudo,C,J,27,81,C_J,1,5
core-01527,Xiaoyan Kimura,Xiaoyan,Kimura,C,J,28,18,C_J,1,5
core-01528,Na Fujiwara,Na,Fujiwara,C,J,29,55,C_J,1,5
core-01529,Liping Matsui,Liping,Matsui,C,J,30,92,C_J,1,5
core-01530,Mei Yamashita,Mei,Yamashita,C,J,31,29,C_J,1,5
core-01531,Ning Masuda,Ning,Masuda,C,J,32,66,C_J,1,5
core-01532,Zhen Tanaka,Zhen,Tanaka,C,J,33,3,C_J,1,5
core-01533,Chen Murakami,Chen,Murakami,C,J,34,40,C_J,1,5
core-01534,Kai Taniguchi,Kai,Taniguchi,C,J,35,77,C_J,1,5
core-01535,Cheng Sasaki,Cheng,Sasaki,C,J,36,14,C_J,1,5
core-01536,Xiang Kaneko,Xiang,Kaneko,C,J,37,51,C_J,1,5
core-01537,Haiyan Hirano,Haiyan,Hirano,C,J,38,88,C_J,1,5
core-01538,Jianping Hashimoto,Jianping,Hashimoto,C,J,39,25,C_J,1,5
core-01539,Lihua Nakayama,Lihua,Nakayama,C,J,40,62,C_J,1,5
core-01540,Nan Takada,Nan,Takada,C,J,41,99,C_J,1,5
core-01541,Xiaohong Hasegawa,Xiaohong,Hasegawa,C,J,42,36,C_J,1,5
core-01542,Zhiqiang Honda,Zhiqiang,Honda,C,J,43,73,C_J,1,5
core-01543,Lan Saito,Lan,Saito,C,J,44,10,C_J,1,5
core-01544,Kun Takeuchi,Kun,Takeuchi,C,J,45,47,C_J,1,5
core-01545,Lijun Kawamura,Lijun,Kawamura,C,J,46,84,C_J,1,5
core-01546,Xiaoli Abe,Xiaoli,Abe,C,J,47,21,C_J,1,5
core-01547,Jianguo Matsuda,Jianguo,Matsuda,C,J,48,58,C_J,1,5
core-01548,Jianjun Ida,Jianjun,Ida,C,J,49,95,C_J,1,5
core-01549,Xiaoping Sakamoto,Xiaoping,Sakamoto,C,J,50,32,C_J,1,5
core-01550,Meng Uchida,Meng,Uchida,C,J,51,69,C_J,1,5
core-01551,Tingting Ito,Tingting,Ito,C,J,52,6,C_J,1,5
core-01552,Lijuan Ueda,Lijuan,Ueda,C,J,53,43,C_J,1,5
core-01553,Shan Maruyama,Shan,Maruyama,C,J,54,80,C_J,1,5
core-01554,Zhi Inoue,Zhi,Inoue,C,J,55,17,C_J,1,5
core-01555,Xiaoling Nakagawa,Xiaoling,Nakagawa,C,J,56,54,C_J,1,5
core-01556,Yuanyuan Takeda,Yuanyuan,Takeda,C,J,57,91,C_J,1,5
core-01557,Xiaodong Ishikawa,Xiaodong,Ishikawa,C,J,58,28,C_J,1,5
core-01558,Xiaoming Shibata,Xiaoming,Shibata,C,J,59,65,C_J,1,5
core-01559,Xing Suzuki,Xing,Suzuki,C,J,61,2,C_J,1,5
core-01560,Jingjing Sakai,Jingjing,Sakai,C,J,62,39,C_J,1,5
core-01561,Zhiyong Miyazaki,Zhiyong,Miyazaki,C,J,63,76,C_J,1,5
core-01562,Yanping Yamada,Yanping,Yamada,C,J,64,13,C_J,1,5
core-01563,Xiaohua Fukuda,Xiaohua,Fukuda,C,J,65,50,C_J,1,5
core-01564,Xuan Kubota,Xuan,Kubota,C,J,66,87,C_J,1,5
core-01565,Xiaofeng Nakajima,Xiaofeng,Nakajima,C,J,67,24,C_J,1,5
core-01566,Jianming Tamura,Jianming,Tamura,C,J,68,61,C_J,1,5
core-01567,Weidong Kinoshita,Weidong,Kinoshita,C,J,69,98,C_J,1,5
core-01568,Di Okada,Di,Okada,C,J,70,35,C_J,1,5
core-01569,Huan Miyamoto,Huan,Miyamoto,C,J,71,72,C_J,1,5
core-01570,Xiaojun Kobayashi,Xiaojun,Kobayashi,C,J,72,9,C_J,1,5
core-01571,Shuang Aoki,Shuang,Aoki,C,J,73,46,C_J,1,5
core-01572,Qiong Fujimoto,Qiong,Fujimoto,C,J,74,83,C_J,1,5
core-01573,Zhigang Hayashi,Zhigang,Hayashi,C,J,75,20,C_J,1,5
core-01574,Xiaoying Harada,Xiaoying,Harada,C,J,76,57,C_J,1,5
core-01575,Zhiming Chiba,Zhiming,Chiba,C,J,77,94,C_J,1,5
core-01576,Jianfeng Ishii,Jianfeng,Ishii,C,J,78,31,C_J,1,5
core-01577,Xiaomei Ando,Xiaomei,Ando,C,J,79,68,C_J,1,5
core-01578,Xiaohui Takahashi,Xiaohui,Takahashi,C,J,80,5,C_J,1,5
core-01579,Hongmei Kikuchi,Hongmei,Kikuchi,C,J,81,42,C_J,1,5
core-01580,Zhiwei Imai,Zhiwei,Imai,C,J,82,79,C_J,1,5
core-01581,Xuemei Yamaguchi,Xuemei,Yamaguchi,C,J,83,16,C_J,1,5
core-01582,Long Okamoto,Long,Okamoto,C,J,84,53,C_J,1,5
core-01583,Chunyan Noguchi,Chunyan,Noguchi,C,J,85,90,C_J,1,5
core-01584,Weiwei Yamazaki,Weiwei,Yamazaki,C,J,86,27,C_J,1,5
core-01585,Hongwei Wada,Hongwei,Wada,C,J,87,64,C_J,1,5
core-01586,Dongmei Sato,Dongmei,Sato,C,J,88,1,C_J,1,5
core-01587,Shu Kondo,Shu,Kondo,C,J,89,38,C_J,1,5
core-01588,Jinhua Takagi,Jinhua,Takagi,C,J,90,75,C_J,1,5
core-01589,Zhihua Yoshida,Zhihua,Yoshida,C,J,91,12,C_J,1,5
core-01590,Guoqiang Fujii,Guoqiang,Fujii,C,J,92,49,C_J,1,5
core-01591,Hai Murata,Hai,Murata,C,J,93,86,C_J,1,5
core-01592,Song Mori,Song,Mori,C,J,94,23,C_J,1,5
core-01593,Hongyan Morita,Hongyan,Morita,C,J,95,60,C_J,1,5
core-01594,Xiaoyu Sugawara,Xiaoyu,Sugawara,C,J,96,97,C_J,1,5
core-01595,Jianxin Maeda,Jianxin,Maeda,C,J,97,34,C_J,1,5
core-01596,Guohua Yokoyama,Guohua,Yokoyama,C,J,98,71,C_J,1,5
core-01597,Han Nakamura,Han,Nakamura,C,J,99,8,C_J,1,5
core-01598,Jianzhong Endo,Jianzhong,Endo,C,J,100,45,C_J,1,5
core-01599,Chun Sugiyama,Chun,Sugiyama,C,J,101,82,C_J,1,5
core-01600,Zhijun Shimizu,Zhijun,Shimizu,C,J,102,19,C_J,1,5
core-01601,Wei Hara,Wei,Hara,C,J,2,67,C_J,1,6
core-01602,Yan Watanabe,Yan,Watanabe,C,J,3,4,C_J,1,6
core-01603,Li Ota,Li,Ota,C,J,4,41,C_J,1,6
core-01604,Ying Ueno,Ying,Ueno,C,J,5,78,C_J,1,6
core-01605,Hui Matsumoto,Hui,Matsumoto,C,J,6,15,C_J,1,6
core-01606,Lei Nishimura,Lei,Nishimura,C,J,7,52,C_J,1,6
core-01607,Hong Otsuka,Hong,Otsuka,C,J,8,89,C_J,1,6
core-01608,Yu Ikeda,Yu,Ikeda,C,J,9,26,C_J,1,6
core-01609,Min Ishida,Min,Ishida,C,J,10,63,C_J,1,6
core-01610,Xin Nomura,Xin,Nomura,C,J,11,100,C_J,1,6
core-01611,Bin Fujita,Bin,Fujita,C,J,12,37,C_J,1,6
core-01612,Ping Koyama,Ping,Koyama,C,J,13,74,C_J,1,6
core-01613,Lin Kato,Lin,Kato,C,J,14,11,C_J,1,6
core-01614,Yong Nakano,Yong,Nakano,C,J,15,48,C_J,1,6
core-01615,Ming Kono,Ming,Kono,C,J,16,85,C_J,1,6
core-01616,Ling Ono,Ling,Ono,C,J,17,22,C_J,1,6
core-01617,Qing Kojima,Qing,Kojima,C,J,18,59,C_J,1,6
core-01618,Peng Kubo,Peng,Kubo,C,J,19,96,C_J,1,6
core-01619,Qiang Goto,Qiang,Goto,C,J,20,33,C_J,1,6
core-01620,Yun Shimada,Yun,Shimada,C,J,21,70,C_J,1,6
core-01621,Jin Yamamoto,Jin,Yamamoto,C,J,22,7,C_J,1,6
core-01622,Rong Arai,Rong,Arai,C,J,23,44,C_J,1,6
core-01623,Chao Kudo,Chao,Kudo,C,J,24,81,C_J,1,6
core-01624,Gang Kimura,Gang,Kimura,C,J,25,18,C_J,1,6
core-01625,Yue Fujiwara,Yue,Fujiwara,C,J,26,55,C_J,1,6
core-01626,Jianhua Matsui,Jianhua,Matsui,C,J,27,92,C_J,1,6
core-01627,Xiaoyan Yamashita,Xiaoyan,Yamashita,C,J,28,29,C_J,1,6
core-01628,Na Masuda,Na,Masuda,C,J,29,66,C_J,1,6
core-01629,Liping Tanaka,Liping,Tanaka,C,J,30,3,C_J,1,6
core-01630,Mei Murakami,Mei,Murakami,C,J,31,40,C_J,1,6
core-01631,Ning Taniguchi,Ning,Taniguchi,C,J,32,77,C_J,1,6
core-01632,Zhen Sasaki,Zhen,Sasaki,C,J,33,14,C_J,1,6
core-01633,Chen Kaneko,Chen,Kaneko,C,J,34,51,C_J,1,6
core-01634,Kai Hirano,Kai,Hirano,C,J,35,88,C_J,1,6
core-01635,Cheng Hashimoto,Cheng,Hashimoto,C,J,36,25,C_J,1,6
core-01636,Xiang Nakayama,Xiang,Nakayama,C,J,37,62,C_J,1,6
core-01637,Haiyan Takada,Haiyan,Takada,C,J,38,99,C_J,1,6
core-01638,Jianping Hasegawa,Jianping,Hasegawa,C,J,39,36,C_J,1,6
core-01639,Lihua Honda,Lihua,Honda,C,J,40,73,C_J,1,6
core-01640,Nan Saito,Nan,Saito,C,J,41,10,C_J,1,6
core-01641,Xiaohong Takeuchi,Xiaohong,Takeuchi,C,J,42,47,C_J,1,6
core-01642,Zhiqiang Kawamura,Zhiqiang,Kawamura,C,J,43,84,C_J,1,6
core-01643,Lan Abe,Lan,Abe,C,J,44,21,C_J,1,6
core-01644,Kun Matsuda,Kun,Matsuda,C,J,45,58,C_J,1,6
core-01645,Lijun Ida,Lijun,Ida,C,J,46,95,C_J,1,6
core-01646,Xiaoli Sakamoto,Xiaoli,Sakamoto,C,J,47,32,C_J,1,6
core-01647,Jianguo Uchida,Jianguo,Uchida,C,J,48,69,C_J,1,6
core-01648,Jianjun Ito,Jianjun,Ito,C,J,49,6,C_J,1,6
core-01649,Xiaoping Ueda,Xiaoping,Ueda,C,J,50,43,C_J,1,6
core-01650,Meng Maruyama,Meng,Maruyama,C,J,51,80,C_J,1,6
core-01651,Tingting Inoue,Tingting,Inoue,C,J,52,17,C_J,1,6
core-01652,Lijuan Nakagawa,Lijuan,Nakagawa,C,J,53,54,C_J,1,6
core-01653,Shan Takeda,Shan,Takeda,C,J,54,91,C_J,1,6
core-01654,Zhi Ishikawa,Zhi,Ishikawa,C,J,55,28,C_J,1,6
core-01655,Xiaoling Shibata,Xiaoling,Shibata,C,J,56,65,C_J,1,6
core-01656,Yuanyuan Suzuki,Yuanyuan,Suzuki,C,J,57,2,C_J,1,6
core-01657,Xiaodong Sakai,Xiaodong,Sakai,C,J,58,39,C_J,1,6
core-01658,Xiaoming Miyazaki,Xiaoming,Miyazaki,C,J,59,76,C_J,1,6
core-01659,Xing Yamada,Xing,Yamada,C,J,61,13,C_J,1,6
core-01660,Jingjing Fukuda,Jingjing,Fukuda,C,J,62,50,C_J,1,6
core-01661,Zhiyong Kubota,Zhiyong,Kubota,C,J,63,87,C_J,1,6
core-01662,Yanping Nakajima,Yanping,Nakajima,C,J,64,24,C_J,1,6
core-01663,Xiaohua Tamura,Xiaohua,Tamura,C,J,65,61,C_J,1,6
core-01664,Xuan Kinoshita,Xuan,Kinoshita,C,J,66,98,C_J,1,6
core-01665,Xiaofeng Okada,Xiaofeng,Okada,C,J,67,35,C_J,1,6
core-01666,Jianming Miyamoto,Jianming,Miyamoto,C,J,68,72,C_J,1,6
core-01667,Weidong Kobayashi,Weidong,Kobayashi,C,J,69,9,C_J,1,6
core-01668,Di Aoki,Di,Aoki,C,J,70,46,C_J,1,6
core-01669,Huan Fujimoto,Huan,Fujimoto,C,J,71,83,C_J,1,6
core-01670,Xiaojun Hayashi,Xiaojun,Hayashi,C,J,72,20,C_J,1,6
core-01671,Shuang Harada,Shuang,Harada,C,J,73,57,C_J,1,6
core-01672,Qiong Chiba,Qiong,Chiba,C,J,74,94,C_J,1,6
core-01673,Zhigang Ishii,Zhigang,Ishii,C,J,75,31,C_J,1,6
core-01674,Xiaoying Ando,Xiaoying,Ando,C,J,76,68,C_J,1,6
core-01675,Zhiming Takahashi,Zhiming,Takahashi,C,J,77,5,C_J,1,6
core-01676,Jianfeng Kikuchi,Jianfeng,Kikuchi,C,J,78,42,C_J,1,6
core-01677,Xiaomei Imai,Xiaomei,Imai,C,J,79,79,C_J,1,6
core-01678,Xiaohui Yamaguchi,Xiaohui,Yamaguchi,C,J,80,16,C_J,1,6
core-01679,Hongmei Okamoto,Hongmei,Okamoto,C,J,81,53,C_J,1,6
core-01680,Zhiwei Noguchi,Zhiwei,Noguchi,C,J,82,90,C_J,1,6
core-01681,Xuemei Yamazaki,Xuemei,Yamazaki,C,J,83,27,C_J,1,6
core-01682,Long Wada,Long,Wada,C,J,84,64,C_J,1,6
core-01683,Chunyan Sato,Chunyan,Sato,C,J,85,1,C_J,1,6
core-01684,Weiwei Kondo,Weiwei,Kondo,C,J,86,38,C_J,1,6
core-01685,Hongwei Takagi,Hongwei,Takagi,C,J,87,75,C_J,1,6
core-01686,Dongmei Yoshida,Dongmei,Yoshida,C,J,88,12,C_J,1,6
core-01687,Shu Fujii,Shu,Fujii,C,J,89,49,C_J,1,6
core-01688,Jinhua Murata,Jinhua,Murata,C,J,90,86,C_J,1,6
core-01689,Zhihua Mori,Zhihua,Mori,C,J,91,23,C_J,1,6
core-01690,Guoqiang Morita,Guoqiang,Morita,C,J,92,60,C_J,1,6
core-01691,Hai Sugawara,Hai,Sugawara,C,J,93,97,C_J,1,6
core-01692,Song Maeda,Song,Maeda,C,J,94,34,C_J,1,6
core-01693,Hongyan Yokoyama,Hongyan,Yokoyama,C,J,95,71,C_J,1,6
core-01694,Xiaoyu Nakamura,Xiaoyu,Nakamura,C,J,96,8,C_J,1,6
core-01695,Jianxin Endo,Jianxin,Endo,C,J,97,45,C_J,1,6
core-01696,Guohua Sugiyama,Guohua,Sugiyama,C,J,98,82,C_J,1,6
core-01697,Han Shimizu,Han,Shimizu,C,J,99,19,C_J,1,6
core-01698,Jianzhong Miura,Jianzhong,Miura,C,J,100,56,C_J,1,6
core-01699,Chun Sakurai,Chun,Sakurai,C,J,101,93,C_J,1,6
core-01700,Zhijun Ogawa,Zhijun,Ogawa,C,J,102,30,C_J,1,6
core-01701,Wei Ueno,Wei,Ueno,C,J,2,78,C_J,1,7
core-01702,Yan Matsumoto,Yan,Matsumoto,C,J,3,15,C_J,1,7
core-01703,Li Nishimura,Li,Nishimura,C,J,4,52,C_J,1,7
core-01704,Ying Otsuka,Ying,Otsuka,C,J,5,89,C_J,1,7
core-01705,Hui Ikeda,Hui,Ikeda,C,J,6,26,C_J,1,7
core-01706,Lei Ishida,Lei,Ishida,C,J,7,63,C_J,1,7
core-01707,Hong Nomura,Hong,Nomura,C,J,8,100,C_J,1,7
core-01708,Yu Fujita,Yu,Fujita,C,J,9,37,C_J,1,7
core-01709,Min Koyama,Min,Koyama,C,J,10,74,C_J,1,7
core-01710,Xin Kato,Xin,Kato,C,J,11,11,C_J,1,7
core-01711,Bin Nakano,Bin,Nakano,C,J,12,48,C_J,1,7
core-01712,Ping Kono,Ping,Kono,C,J,13,85,C_J,1,7
core-01713,Lin Ono,Lin,Ono,C,J,14,22,C_J,1,7
core-01714,Yong Kojima,Yong,Kojima,C,J,15,59,C_J,1,7
core-01715,Ming Kubo,Ming,Kubo,C,J,16,96,C_J,1,7
core-01716,Ling Goto,Ling,Goto,C,J,17,33,C_J,1,7
core-01717,Qing Shimada,Qing,Shimada,C,J,18,70,C_J,1,7
core-01718,Peng Yamamoto,Peng,Yamamoto,C,J,19,7,C_J,1,7
core-01719,Qiang Arai,Qiang,Arai,C,J,20,44,C_J,1,7
core-01720,Yun Kudo,Yun,Kudo,C,J,21,81,C_J,1,7
core-01721,Jin Kimura,Jin,Kimura,C,J,22,18,C_J,1,7
core-01722,Rong Fujiwara,Rong,Fujiwara,C,J,23,55,C_J,1,7
core-01723,Chao Matsui,Chao,Matsui,C,J,24,92,C_J,1,7
core-01724,Gang Yamashita,Gang,Yamashita,C,J,25,29,C_J,1,7
core-01725,Yue Masuda,Yue,Masuda,C,J,26,66,C_J,1,7
core-01726,Jianhua Tanaka,Jianhua,Tanaka,C,J,27,3,C_J,1,7
core-01727,Xiaoyan Murakami,Xiaoyan,Murakami,C,J,28,40,C_J,1,7
core-01728,Na Taniguchi,Na,Taniguchi,C,J,29,77,C_J,1,7
core-01729,Liping Sasaki,Liping,Sasaki,C,J,30,14,C_J,1,7
core-01730,Mei Kaneko,Mei,Kaneko,C,J,31,51,C_J,1,7
core-01731,Ning Hirano,Ning,Hirano,C,J,32,88,C_J,1,7
core-01732,Zhen Hashimoto,Zhen,Hashimoto,C,J,33,25,C_J,1,7
core-01733,Chen Nakayama,Chen,Nakayama,C,J,34,62,C_J,1,7
core-01734,Kai Takada,Kai,Takada,C,J,35,99,C_J,1,7
core-01735,Cheng Hasegawa,Cheng,Hasegawa,C,J,36,36,C_J,1,7
core-01736,Xiang Honda,Xiang,Honda,C,J,37,73,C_J,1,7
core-01737,Haiyan Saito,Haiyan,Saito,C,J,38,10,C_J,1,7
core-01738,Jianping Takeuchi,Jianping,Takeuchi,C,J,39,47,C_J,1,7
core-01739,Lihua Kawamura,Lihua,Kawamura,C,J,40,84,C_J,1,7
core-01740,Nan Abe,Nan,Abe,C,J,41,21,C_J,1,7
core-01741,Xiaohong Matsuda,Xiaohong,Matsuda,C,J,42,58,C_J,1,7
core-01742,Zhiqiang Ida,Zhiqiang,Ida,C,J,43,95,C_J,1,7
core-01743,Lan Sakamoto,Lan,Sakamoto,C,J,44,32,C_J,1,7
core-01744,Kun Uchida,Kun,Uchida,C,J,45,69,C_J,1,7
core-01745,Lijun Ito,Lijun,Ito,C,J,46,6,C_J,1,7
core-01746,Xiaoli Ueda,Xiaoli,Ueda,C,J,47,43,C_J,1,7
core-01747,Jianguo Maruyama,Jianguo,Maruyama,C,J,48,80,C_J,1,7
core-01748,Jianjun Inoue,Jianjun,Inoue,C,J,49,17,C_J,1,7
core-01749,Xiaoping Nakagawa,Xiaoping,Nakagawa,C,J,50,54,C_J,1,7
core-01750,Meng Takeda,Meng,Takeda,C,J,51,91,C_J,1,7
core-01751,Tingting Ishikawa,Tingting,Ishikawa,C,J,52,28,C_J,1,7
core-01752,Lijuan Shibata,Lijuan,Shibata,C,J,53,65,C_J,1,7
core-01753,Shan Suzuki,Shan,Suzuki,C,J,54,2,C_J,1,7
core-01754,Zhi Sakai,Zhi,Sakai,C,J,55,39,C_J,1,7
core-01755,Xiaoling Miyazaki,Xiaoling,Miyazaki,C,J,56,76,C_J,1,7
core-01756,Yuanyuan Yamada,Yuanyuan,Yamada,C,J,57,13,C_J,1,7
core-01757,Xiaodong Fukuda,Xiaodong,Fukuda,C,J,58,50,C_J,1,7
core-01758,Xiaoming Kubota,Xiaoming,Kubota,C,J,59,87,C_J,1,7
core-01759,Xing Nakajima,Xing,Nakajima,C,J,61,24,C_J,1,7
core-01760,Jingjing Tamura,Jingjing,Tamura,C,J,62,61,C_J,1,7
core-01761,Zhiyong Kinoshita,Zhiyong,Kinoshita,C,J,63,98,C_J,1,7
core-01762,Yanping Okada,Yanping,Okada,C,J,64,35,C_J,1,7
core-01763,Xiaohua Miyamoto,Xiaohua,Miyamoto,C,J,65,72,C_J,1,7
core-01764,Xuan Kobayashi,Xuan,Kobayashi,C,J,66,9,C_J,1,7
core-01765,Xiaofeng Aoki,Xiaofeng,Aoki,C,J,67,46,C_J,1,7
core-01766,Jianming Fujimoto,Jianming,Fujimoto,C,J,68,83,C_J,1,7
core-01767,Weidong Hayashi,Weidong,Hayashi,C,J,69,20,C_J,1,7
core-01768,Di Harada,Di,Harada,C,J,70,57,C_J,1,7
core-01769,Huan Chiba,Huan,Chiba,C,J,71,94,C_J,1,7
core-01770,Xiaojun Ishii,Xiaojun,Ishii,C,J,72,31,C_J,1,7
core-01771,Shuang Ando,Shuang,Ando,C,J,73,68,C_J,1,7
core-01772,Qiong Takahashi,Qiong,Takahashi,C,J,74,5,C_J,1,7
core-01773,Zhigang Kikuchi,Zhigang,Kikuchi,C,J,75,42,C_J,1,7
core-01774,Xiaoying Imai,Xiaoying,Imai,C,J,76,79,C_J,1,7
core-01775,Zhiming Yamaguchi,Zhiming,Yamaguchi,C,J,77,16,C_J,1,7
core-01776,Jianfeng Okamoto,Jianfeng,Okamoto,C,J,78,53,C_J,1,7
core-01777,Xiaomei Noguchi,Xiaomei,Noguchi,C,J,79,90,C_J,1,7
core-01778,Xiaohui Yamazaki,Xiaohui,Yamazaki,C,J,80,27,C_J,1,7
core-01779,Hongmei Wada,Hongmei,Wada,C,J,81,64,C_J,1,7
core-01780,Zhiwei Sato,Zhiwei,Sato,C,J,82,1,C_J,1,7
core-01781,Xuemei Kondo,Xuemei,Kondo,C,J,83,38,C_J,1,7
core-01782,Long Takagi,Long,Takagi,C,J,84,75,C_J,1,7
core-01783,Chunyan Yoshida,Chunyan,Yoshida,C,J,85,12,C_J,1,7
core-01784,Weiwei Fujii,Weiwei,Fujii,C,J,86,49,C_J,1,7
core-01785,Hongwei Murata,Hongwei,Murata,C,J,87,86,C_J,1,7
core-01786,Dongmei Mori,Dongmei,Mori,C,J,88,23,C_J,1,7
core-01787,Shu Morita,Shu,Morita,C,J,89,60,C_J,1,7
core-01788,Jinhua Sugawara,Jinhua,Sugawara,C,J,90,97,C_J,1,7
core-01789,Zhihua Maeda,Zhihua,Maeda,C,J,91,34,C_J,1,7
core-01790,Guoqiang Yokoyama,Guoqiang,Yokoyama,C,J,92,71,C_J,1,7
core-01791,Hai Nakamura,Hai,Nakamura,C,J,93,8,C_J,1,7
core-01792,Song Endo,Song,Endo,C,J,94,45,C_J,1,7
core-01793,Hongyan Sugiyama,Hongyan,Sugiyama,C,J,95,82,C_J,1,7
core-01794,Xiaoyu Shimizu,Xiaoyu,Shimizu,C,J,96,19,C_J,1,7
core-01795,Jianxin Miura,Jianxin,Miura,C,J,97,56,C_J,1,7
core-01796,Guohua Sakurai,Guohua,Sakurai,C,J,98,93,C_J,1,7
core-01797,Han Ogawa,Han,Ogawa,C,J,99,30,C_J,1,7
core-01798,Jianzhong Hara,Jianzhong,Hara,C,J,100,67,C_J,1,7
core-01799,Chun Watanabe,Chun,Watanabe,C,J,101,4,C_J,1,7
core-01800,Zhijun Ota,Zhijun,Ota,C,J,102,41,C_J,1,7
core-01801,Wei Otsuka,Wei,Otsuka,C,J,2,89,C_J,1,8
core-01802,Yan Ikeda,Yan,Ikeda,C,J,3,26,C_J,1,8
core-01803,Li Ishida,Li,Ishida,C,J,4,63,C_J,1,8
core-01804,Ying Nomura,Ying,Nomura,C,J,5,100,C_J,1,8
core-01805,Hui Fujita,Hui,Fujita,C,J,6,37,C_J,1,8
core-01806,Lei Koyama,Lei,Koyama,C,J,7,74,C_J,1,8
core-01807,Hong Kato,Hong,Kato,C,J,8,11,C_J,1,8
core-01808,Yu Nakano,Yu,Nakano,C,J,9,48,C_J,1,8
core-01809,Min Kono,Min,Kono,C,J,10,85,C_J,1,8
core-01810,Xin Ono,Xin,Ono,C,J,11,22,C_J,1,8
core-01811,Bin Kojima,Bin,Kojima,C,J,12,59,C_J,1,8
core-01812,Ping Kubo,Ping,Kubo,C,J,13,96,C_J,1,8
core-01813,Lin Goto,Lin,Goto,C,J,14,33,C_J,1,8
core-01814,Yong Shimada,Yong,Shimada,C,J,15,70,C_J,1,8
core-01815,Ming Yamamoto,Ming,Yamamoto,C,J,16,7,C_J,1,8
core-01816,Ling Arai,Ling,Arai,C,J,17,44,C_J,1,8
core-01817,Qing Kudo,Qing,Kudo,C,J,18,81,C_J,1,8
core-01818,Peng Kimura,Peng,Kimura,C,J,19,18,C_J,1,8
core-01819,Qiang Fujiwara,Qiang,Fujiwara,C,J,20,55,C_J,1,8
core-01820,Yun Matsui,Yun,Matsui,C,J,21,92,C_J,1,8
core-01821,Jin Yamashita,Jin,Yamashita,C,J,22,29,C_J,1,8
core-01822,Rong Masuda,Rong,Masuda,C,J,23,66,C_J,1,8
core-01823,Chao Tanaka,Chao,Tanaka,C,J,24,3,C_J,1,8
core-01824,Gang Murakami,Gang,Murakami,C,J,25,40,C_J,1,8
core-01825,Yue Taniguchi,Yue,Taniguchi,C,J,26,77,C_J,1,8
core-01826,Jianhua Sasaki,Jianhua,Sasaki,C,J,27,14,C_J,1,8
core-01827,Xiaoyan Kaneko,Xiaoyan,Kaneko,C,J,28,51,C_J,1,8
core-01828,Na Hirano,Na,Hirano,C,J,29,88,C_J,1,8
core-01829,Liping Hashimoto,Liping,Hashimoto,C,J,30,25,C_J,1,8
core-01830,Mei Nakayama,Mei,Nakayama,C,J,31,62,C_J,1,8
core-01831,Ning Takada,Ning,Takada,C,J,32,99,C_J,1,8
core-01832,Zhen Hasegawa,Zhen,Hasegawa,C,J,33,36,C_J,1,8
core-01833,Chen Honda,Chen,Honda,C,J,34,73,C_J,1,8
core-01834,Kai Saito,Kai,Saito,C,J,35,10,C_J,1,8
core-01835,Cheng Takeuchi,Cheng,Takeuchi,C,J,36,47,C_J,1,8
core-01836,Xiang Kawamura,Xiang,Kawamura,C,J,37,84,C_J,1,8
core-01837,Haiyan Abe,Haiyan,Abe,C,J,38,21,C_J,1,8
core-01838,Jianping Matsuda,Jianping,Matsuda,C,J,39,58,C_J,1,8
core-01839,Lihua Ida,Lihua,Ida,C,J,40,95,C_J,1,8
core-01840,Nan Sakamoto,Nan,Sakamoto,C,J,41,32,C_J,1,8
core-01841,Xiaohong Uchida,Xiaohong,Uchida,C,J,42,69,C_J,1,8
core-01842,Zhiqiang Ito,Zhiqiang,Ito,C,J,43,6,C_J,1,8
core-01843,Lan Ueda,Lan,Ueda,C,J,44,43,C_J,1,8
core-01844,Kun Maruyama,Kun,Maruyama,C,J,45,80,C_J,1,8
core-01845,Lijun Inoue,Lijun,Inoue,C,J,46,17,C_J,1,8
core-01846,Xiaoli Nakagawa,Xiaoli,Nakagawa,C,J,47,54,C_J,1,8
core-01847,Jianguo Takeda,Jianguo,Takeda,C,J,48,91,C_J,1,8
core-01848,Jianjun Ishikawa,Jianjun,Ishikawa,C,J,49,28,C_J,1,8
core-01849,Xiaoping Shibata,Xiaoping,Shibata,C,J,50,65,C_J,1,8
core-01850,Meng Suzuki,Meng,Suzuki,C,J,51,2,C_J,1,8
core-01851,Tingting Sakai,Tingting,Sakai,C,J,52,39,C_J,1,8
core-01852,Lijuan Miyazaki,Lijuan,Miyazaki,C,J,53,76,C_J,1,8
core-01853,Shan Yamada,Shan,Yamada,C,J,54,13,C_J,1,8
core-01854,Zhi Fukuda,Zhi,Fukuda,C,J,55,50,C_J,1,8
core-01855,Xiaoling Kubota,Xiaoling,Kubota,C,J,56,87,C_J,1,8
core-01856,Yuanyuan Nakajima,Yuanyuan,Nakajima,C,J,57,24,C_J,1,8
core-01857,Xiaodong Tamura,Xiaodong,Tamura,C,J,58,61,C_J,1,8
core-01858,Xiaoming Kinoshita,Xiaoming,Kinoshita,C,J,59,98,C_J,1,8
core-01859,Xing Okada,Xing,Okada,C,J,61,35,C_J,1,8
core-01860,Jingjing Miyamoto,Jingjing,Miyamoto,C,J,62,72,C_J,1,8
core-01861,Zhiyong Kobayashi,Zhiyong,Kobayashi,C,J,63,9,C_J,1,8
core-01862,Yanping Aoki,Yanping,Aoki,C,J,64,46,C_J,1,8
core-01863,Xiaohua Fujimoto,Xiaohua,Fujimoto,C,J,65,83,C_J,1,8
core-01864,Xuan Hayashi,Xuan,Hayashi,C,J,66,20,C_J,1,8
core-01865,Xiaofeng Harada,Xiaofeng,Harada,C,J,67,57,C_J,1,8
core-01866,Jianming Chiba,Jianming,Chiba,C,J,68,94,C_J,1,8
core-01867,Weidong Ishii,Weidong,Ishii,C,J,69,31,C_J,1,8
core-01868,Di Ando,Di,Ando,C,J,70,68,C_J,1,8
core-01869,Huan Takahashi,Huan,Takahashi,C,J,71,5,C_J,1,8
core-01870,Xiaojun Kikuchi,Xiaojun,Kikuchi,C,J,72,42,C_J,1,8
core-01871,Shuang Imai,Shuang,Imai,C,J,73,79,C_J,1,8
core-01872,Qiong Yamaguchi,Qiong,Yamaguchi,C,J,74,16,C_J,1,8
core-01873,Zhigang Okamoto,Zhigang,Okamoto,C,J,75,53,C_J,1,8
core-01874,Xiaoying Noguchi,Xiaoying,Noguchi,C,J,76,90,C_J,1,8
core-01875,Zhiming Yamazaki,Zhiming,Yamazaki,C,J,77,27,C_J,1,8
core-01876,Jianfeng Wada,Jianfeng,Wada,C,J,78,64,C_J,1,8
core-01877,Xiaomei Sato,Xiaomei,Sato,C,J,79,1,C_J,1,8
core-01878,Xiaohui Kondo,Xiaohui,Kondo,C,J,80,38,C_J,1,8
core-01879,Hongmei Takagi,Hongmei,Takagi,C,J,81,75,C_J,1,8
core-01880,Zhiwei Yoshida,Zhiwei,Yoshida,C,J,82,12,C_J,1,8
core-01881,Xuemei Fujii,Xuemei,Fujii,C,J,83,49,C_J,1,8
core-01882,Long Murata,Long,Murata,C,J,84,86,C_J,1,8
core-01883,Chunyan Mori,Chunyan,Mori,C,J,85,23,C_J,1,8
core-01884,Weiwei Morita,Weiwei,Morita,C,J,86,60,C_J,1,8
core-01885,Hongwei Sugawara,Hongwei,Sugawara,C,J,87,97,C_J,1,8
core-01886,Dongmei Maeda,Dongmei,Maeda,C,J,88,34,C_J,1,8
core-01887,Shu Yokoyama,Shu,Yokoyama,C,J,89,71,C_J,1,8
core-01888,Jinhua Nakamura,Jinhua,Nakamura,C,J,90,8,C_J,1,8
core-01889,Zhihua Endo,Zhihua,Endo,C,J,91,45,C_J,1,8
core-01890,Guoqiang Sugiyama,Guoqiang,Sugiyama,C,J,92,82,C_J,1,8
core-01891,Hai Shimizu,Hai,Shimizu,C,J,93,19,C_J,1,8
core-01892,Song Miura,Song,Miura,C,J,94,56,C_J,1,8
core-01893,Hongyan Sakurai,Hongyan,Sakurai,C,J,95,93,C_J,1,8
core-01894,Xiaoyu Ogawa,Xiaoyu,Ogawa,C,J,96,30,C_J,1,8
core-01895,Jianxin Hara,Jianxin,Hara,C,J,97,67,C_J,1,8
core-01896,Guohua Watanabe,Guohua,Watanabe,C,J,98,4,C_J,1,8
core-01897,Han Ota,Han,Ota,C,J,99,41,C_J,1,8
core-01898,Jianzhong Ueno,Jianzhong,Ueno,C,J,100,78,C_J,1,8
core-01899,Chun Matsumoto,Chun,Matsumoto,C,J,101,15,C_J,1,8
core-01900,Zhijun Nishimura,Zhijun,Nishimura,C,J,102,52,C_J,1,8
core-01901,Wei Nomura,Wei,Nomura,C,J,2,100,C_J,1,9
core-01902,Yan Fujita,Yan,Fujita,C,J,3,37,C_J,1,9
core-01903,Li Koyama,Li,Koyama,C,J,4,74,C_J,1,9
core-01904,Ying Kato,Ying,Kato,C,J,5,11,C_J,1,9
core-01905,Hui Nakano,Hui,Nakano,C,J,6,48,C_J,1,9
core-01906,Lei Kono,Lei,Kono,C,J,7,85,C_J,1,9
core-01907,Hong Ono,Hong,Ono,C,J,8,22,C_J,1,9
core-01908,Yu Kojima,Yu,Kojima,C,J,9,59,C_J,1,9
core-01909,Min Kubo,Min,Kubo,C,J,10,96,C_J,1,9
core-01910,Xin Goto,Xin,Goto,C,J,11,33,C_J,1,9
core-01911,Bin Shimada,Bin,Shimada,C,J,12,70,C_J,1,9
core-01912,Ping Yamamoto,Ping,Yamamoto,C,J,13,7,C_J,1,9
core-01913,Lin Arai,Lin,Arai,C,J,14,44,C_J,1,9
core-01914,Yong Kudo,Yong,Kudo,C,J,15,81,C_J,1,9
core-01915,Ming Kimura,Ming,Kimura,C,J,16,18,C_J,1,9
core-01916,Ling Fujiwara,Ling,Fujiwara,C,J,17,55,C_J,1,9
core-01917,Qing Matsui,Qing,Matsui,C,J,18,92,C_J,1,9
core-01918,Peng Yamashita,Peng,Yamashita,C,J,19,29,C_J,1,9
core-01919,Qiang Masuda,Qiang,Masuda,C,J,20,66,C_J,1,9
core-01920,Yun Tanaka,Yun,Tanaka,C,J,21,3,C_J,1,9
core-01921,Jin Murakami,Jin,Murakami,C,J,22,40,C_J,1,9
core-01922,Rong Taniguchi,Rong,Taniguchi,C,J,23,77,C_J,1,9
core-01923,Chao Sasaki,Chao,Sasaki,C,J,24,14,C_J,1,9
core-01924,Gang Kaneko,Gang,Kaneko,C,J,25,51,C_J,1,9
core-01925,Yue Hirano,Yue,Hirano,C,J,26,88,C_J,1,9
core-01926,Jianhua Hashimoto,Jianhua,Hashimoto,C,J,27,25,C_J,1,9
core-01927,Xiaoyan Nakayama,Xiaoyan,Nakayama,C,J,28,62,C_J,1,9
core-01928,Na Takada,Na,Takada,C,J,29,99,C_J,1,9
core-01929,Liping Hasegawa,Liping,Hasegawa,C,J,30,36,C_J,1,9
core-01930,Mei Honda,Mei,Honda,C,J,31,73,C_J,1,9
core-01931,Ning Saito,Ning,Saito,C,J,32,10,C_J,1,9
core-01932,Zhen Takeuchi,Zhen,Takeuchi,C,J,33,47,C_J,1,9
core-01933,Chen Kawamura,Chen,Kawamura,C,J,34,84,C_J,1,9
core-01934,Kai Abe,Kai,Abe,C,J,35,21,C_J,1,9
core-01935,Cheng Matsuda,Cheng,Matsuda,C,J,36,58,C_J,1,9
core-01936,Xiang Ida,Xiang,Ida,C,J,37,95,C_J,1,9
core-01937,Haiyan Sakamoto,Haiyan,Sakamoto,C,J,38,32,C_J,1,9
core-01938,Jianping Uchida,Jianping,Uchida,C,J,39,69,C_J,1,9
core-01939,Lihua Ito,Lihua,Ito,C,J,40,6,C_J,1,9
core-01940,Nan Ueda,Nan,Ueda,C,J,41,43,C_J,1,9
core-01941,Xiaohong Maruyama,Xiaohong,Maruyama,C,J,42,80,C_J,1,9
core-01942,Zhiqiang Inoue,Zhiqiang,Inoue,C,J,43,17,C_J,1,9
core-01943,Lan Nakagawa,Lan,Nakagawa,C,J,44,54,C_J,1,9
core-01944,Kun Takeda,Kun,Takeda,C,J,45,91,C_J,1,9
core-01945,Lijun Ishikawa,Lijun,Ishikawa,C,J,46,28,C_J,1,9
core-01946,Xiaoli Shibata,Xiaoli,Shibata,C,J,47,65,C_J,1,9
core-01947,Jianguo Suzuki,Jianguo,Suzuki,C,J,48,2,C_J,1,9
core-01948,Jianjun Sakai,Jianjun,Sakai,C,J,49,39,C_J,1,9
core-01949,Xiaoping Miyazaki,Xiaoping,Miyazaki,C,J,50,76,C_J,1,9
core-01950,Meng Yamada,Meng,Yamada,C,J,51,13,C_J,1,9
core-01951,Tingting Fukuda,Tingting,Fukuda,C,J,52,50,C_J,1,9
core-01952,Lijuan Kubota,Lijuan,Kubota,C,J,53,87,C_J,1,9
core-01953,Shan Nakajima,Shan,Nakajima,C,J,54,24,C_J,1,9
core-01954,Zhi Tamura,Zhi,Tamura,C,J,55,61,C_J,1,9
core-01955,Xiaoling Kinoshita,Xiaoling,Kinoshita,C,J,56,98,C_J,1,9
core-01956,Yuanyuan Okada,Yuanyuan,Okada,C,J,57,35,C_J,1,9
core-01957,Xiaodong Miyamoto,Xiaodong,Miyamoto,C,J,58,72,C_J,1,9
core-01958,Xiaoming Kobayashi,Xiaoming,Kobayashi,C,J,59,9,C_J,1,9
core-01959,Xing Aoki,Xing,Aoki,C,J,61,46,C_J,1,9
core-01960,Jingjing Fujimoto,Jingjing,Fujimoto,C,J,62,83,C_J,1,9
core-01961,Zhiyong Hayashi,Zhiyong,Hayashi,C,J,63,20,C_J,1,9
core-01962,Yanping Harada,Yanping,Harada,C,J,64,57,C_J,1,9
core-01963,Xiaohua Chiba,Xiaohua,Chiba,C,J,65,94,C_J,1,9
core-01964,Xuan Ishii,Xuan,Ishii,C,J,66,31,C_J,1,9
core-01965,Xiaofeng Ando,Xiaofeng,Ando,C,J,67,68,C_J,1,9
core-01966,Jianming Takahashi,Jianming,Takahashi,C,J,68,5,C_J,1,9
core-01967,Weidong Kikuchi,Weidong,Kikuchi,C,J,69,42,C_J,1,9
core-01968,Di Imai,Di,Imai,C,J,70,79,C_J,1,9
core-01969,Huan Yamaguchi,Huan,Yamaguchi,C,J,71,16,C_J,1,9
core-01970,Xiaojun Okamoto,Xiaojun,Okamoto,C,J,72,53,C_J,1,9
core-01971,Shuang Noguchi,Shuang,Noguchi,C,J,73,90,C_J,1,9
core-01972,Qiong Yamazaki,Qiong,Yamazaki,C,J,74,27,C_J,1,9
core-01973,Zhigang Wada,Zhigang,Wada,C,J,75,64,C_J,1,9
core-01974,Xiaoying Sato,Xiaoying,Sato,C,J,76,1,C_J,1,9
core-01975,Zhiming Kondo,Zhiming,Kondo,C,J,77,38,C_J,1,9
core-01976,Jianfeng Takagi,Jianfeng,Takagi,C,J,78,75,C_J,1,9
core-01977,Xiaomei Yoshida,Xiaomei,Yoshida,C,J,79,12,C_J,1,9
core-01978,Xiaohui Fujii,Xiaohui,Fujii,C,J,80,49,C_J,1,9
core-01979,Hongmei Murata,Hongmei,Murata,C,J,81,86,C_J,1,9
core-01980,Zhiwei Mori,Zhiwei,Mori,C,J,82,23,C_J,1,9
core-01981,Xuemei Morita,Xuemei,Morita,C,J,83,60,C_J,1,9
core-01982,Long Sugawara,Long,Sugawara,C,J,84,97,C_J,1,9
core-01983,Chunyan Maeda,Chunyan,Maeda,C,J,85,34,C_J,1,9
core-01984,Weiwei Yokoyama,Weiwei,Yokoyama,C,J,86,71,C_J,1,9
core-01985,Hongwei Nakamura,Hongwei,Nakamura,C,J,87,8,C_J,1,9
core-01986,Dongmei Endo,Dongmei,Endo,C,J,88,45,C_J,1,9
core-01987,Shu Sugiyama,Shu,Sugiyama,C,J,89,82,C_J,1,9
core-01988,Jinhua Shimizu,Jinhua,Shimizu,C,J,90,19,C_J,1,9
core-01989,Zhihua Miura,Zhihua,Miura,C,J,91,56,C_J,1,9
core-01990,Guoqiang Sakurai,Guoqiang,Sakurai,C,J,92,93,C_J,1,9
core-01991,Hai Ogawa,Hai,Ogawa,C,J,93,30,C_J,1,9
core-01992,Song Hara,Song,Hara,C,J,94,67,C_J,1,9
core-01993,Hongyan Watanabe,Hongyan,Watanabe,C,J,95,4,C_J,1,9
core-01994,Xiaoyu Ota,Xiaoyu,Ota,C,J,96,41,C_J,1,9
core-01995,Jianxin Ueno,Jianxin,Ueno,C,J,97,78,C_J,1,9
core-01996,Guohua Matsumoto,Guohua,Matsumoto,C,J,98,15,C_J,1,9
core-01997,Han Nishimura,Han,Nishimura,C,J,99,52,C_J,1,9
core-01998,Jianzhong Otsuka,Jianzhong,Otsuka,C,J,100,89,C_J,1,9
core-01999,Chun Ikeda,Chun,Ikeda,C,J,101,26,C_J,1,9
core-02000,Zhijun Ishida,Zhijun,Ishida,C,J,102,63,C_J,1,9
core-02001,Kenji Wang,Kenji,Wang,J,C,1,1,J_C,1,0
core-02002,Hiroshi Peng,Hiroshi,Peng,J,C,2,38,J_C,1,0
core-02003,Shigeru Qi,Shigeru,Qi,J,C,3,75,J_C,1,0
core-02004,Sachiko Lu,Sachiko,Lu,J,C,4,12,J_C,1,0
core-02005,Masako Su,Masako,Su,J,C,5,49,J_C,1,0
core-02006,Katsumi Wan,Katsumi,Wan,J,C,6,86,J_C,1,0
core-02007,Yoko Gao,Yoko,Gao,J,C,7,23,J_C,1,0
core-02008,Michiko Meng,Michiko,Meng,J,C,8,60,J_C,1,0
core-02009,Toshio Yi,Toshio,Yi,J,C,9,97,J_C,1,0
core-02010,Yoshiko Han,Yoshiko,Han,J,C,10,34,J_C,1,0
core-02011,Hiromi Qin,Hiromi,Qin,J,C,11,71,J_C,1,0
core-02012,Hiroko Wu,Hiroko,Wu,J,C,12,8,J_C,1,0
core-02013,Yoshio Tian,Yoshio,Tian,J,C,13,45,J_C,1,0
core-02014,Kazuo Shao,Kazuo,Shao,J,C,14,82,J_C,1,0
core-02015,Akira Lin,Akira,Lin,J,C,15,19,J_C,1,0
core-02016,Keiko Yin,Keiko,Yin,J,C,16,56,J_C,1,0
core-02017,Hisako Kang,Hisako,Kang,J,C,17,93,J_C,1,0
core-02018,Yoshimi Song,Yoshimi,Song,J,C,18,30,J_C,1,0
core-02019,Fumiko Bai,Fumiko,Bai,J,C,19,67,J_C,1,0
core-02020,Masao Liu,Masao,Liu,J,C,20,4,J_C,1,0
core-02021,Toshiko Pan,Toshiko,Pan,J,C,21,41,J_C,1,0
core-02022,Kiyoshi Xiang,Kiyoshi,Xiang,J,C,22,78,J_C,1,0
core-02023,Takashi He,Takashi,He,J,C,23,15,J_C,1,0
core-02024,Yukio Jin,Yukio,Jin,J,C,24,52,J_C,1,0
core-02025,Hideo Qu,Hideo,Qu,J,C,25,89,J_C,1,0
core-02026,Koshi Tang,Koshi,Tang,J,C,26,26,J_C,1,0
core-02027,Yasuko Gu,Yasuko,Gu,J,C,27,63,J_C,1,0
core-02028,Koichi Zhan,Koichi,Zhan,J,C,28,100,J_C,1,0
core-02029,Reiko Ceng,Reiko,Ceng,J,C,29,37,J_C,1,0
core-02030,Koji Xue,Koji,Xue,J,C,30,74,J_C,1,0
core-02031,Takeshi Zhou,Takeshi,Zhou,J,C,31,11,J_C,1,0
core-02032,Takako Ye,Takako,Ye,J,C,32,48,J_C,1,0
core-02033,Tadashi Guan,Tadashi,Guan,J,C,33,85,J_C,1,0
core-02034,Miyoko Luo,Miyoko,Luo,J,C,34,22,J_C,1,0
core-02035,Tomiko Fang,Tomiko,Fang,J,C,35,59,J_C,1,0
core-02036,Emiko Ge,Emiko,Ge,J,C,36,96,J_C,1,0
core-02037,Shizuko Deng,Shizuko,Deng,J,C,37,33,J_C,1,0
core-02038,Noriko Xiong,Noriko,Xiong,J,C,38,70,J_C,1,0
core-02039,Yuko Huang,Yuko,Huang,J,C,39,7,J_C,1,0
core-02040,Kiyoko Fan,Kiyoko,Fan,J,C,40,44,J_C,1,0
core-02041,Ko Tao,Ko,Tao,J,C,41,81,J_C,1,0
core-02042,Nobuko Hu,Nobuko,Hu,J,C,42,18,J_C,1,0
core-02043,Mieko Ren,Mieko,Ren,J,C,43,55,J_C,1,0
core-02044,Yoshie Lan,Yoshie,Lan,J,C,44,92,J_C,1,0
core-02045,Shoji Xie,Shoji,Xie,J,C,45,29,J_C,1,0
core-02046,Masami Xia,Masami,Xia,J,C,46,66,J_C,1,0
core-02047,Teruko Zhang,Teruko,Zhang,J,C,47,3,J_C,1,0
core-02048,Mitsuo Yuan,Mitsuo,Yuan,J,C,48,40,J_C,1,0
core-02049,Ryoko Duan,Ryoko,Duan,J,C,49,77,J_C,1,0
core-02050,Yasuo Sun,Yasuo,Sun,J,C,50,14,J_C,1,0
core-02051,Chiyoko Zhong,Chiyoko,Zhong,J,C,51,51,J_C,1,0
core-02052,Kazue Hong,Kazue,Hong,J,C,52,88,J_C,1,0
core-02053,Chieko Liang,Chieko,Liang,J,C,53,25,J_C,1,0
core-02054,Sumiko Wen,Sumiko,Wen,J,C,54,62,J_C,1,0
core-02055,Hiroyuki Xing,Hiroyuki,Xing,J,C,55,99,J_C,1,0
core-02056,Akiko Tan,Akiko,Tan,J,C,56,36,J_C,1,0
core-02057,Shigeo Gong,Shigeo,Gong,J,C,57,73,J_C,1,0
core-02058,Susumu Zhao,Susumu,Zhao,J,C,58,10,J_C,1,0
core-02059,Etsuko Fu,Etsuko,Fu,J,C,59,47,J_C,1,0
core-02060,Akio Lai,Akio,Lai,J,C,60,84,J_C,1,0
core-02061,Shigeko Guo,Shigeko,Guo,J,C,61,21,J_C,1,0
core-02062,Isamu Liao,Isamu,Liao,J,C,62,58,J_C,1,0
core-02063,Shizue Bao,Shizue,Bao,J,C,63,95,J_C,1,0
core-02064,Kenichi Yan,Kenichi,Yan,J,C,64,32,J_C,1,0
core-02065,Masaki Zou,Masaki,Zou,J,C,65,69,J_C,1,0
core-02066,Yaeko Yang,Yaeko,Yang,J,C,66,6,J_C,1,0
core-02067,Aiko Cheng,Aiko,Cheng,J,C,67,43,J_C,1,0
core-02068,Masahiro Mao,Masahiro,Mao,J,C,68,80,J_C,1,0
core-02069,Shinichi Yu,Shinichi,Yu,J,C,69,17,J_C,1,0
core-02070,Shoichi Yao,Shoichi,Yao,J,C,70,54,J_C,1,0
core-02071,Jitsu Kong,Jitsu,Kong,J,C,71,91,J_C,1,0
core-02072,Osamu Shi,Osamu,Shi,J,C,72,28,J_C,1,0
core-02073,Tomoko Jia,Tomoko,Jia,J,C,73,65,J_C,1,0
core-02074,Sadako Li,Sadako,Li,J,C,74,2,J_C,1,0
core-02075,Masayuki Xiao,Masayuki,Xiao,J,C,75,39,J_C,1,0
core-02076,Takeo Lei,Takeo,Lei,J,C,76,76,J_C,1,0
core-02077,Takao Zhu,Takao,Zhu,J,C,77,13,J_C,1,0
core-02078,Hideko Du,Hideko,Du,J,C,78,50,J_C,1,0
core-02079,Tsutomu Qian,Tsutomu,Qian,J,C,79,87,J_C,1,0
core-02080,Makoto Zheng,Makoto,Zheng,J,C,80,24,J_C,1,0
core-02081,Yoshiaki Dai,Yoshiaki,Dai,J,C,81,61,J_C,1,0
core-02082,Yuki Niu,Yuki,Niu,J,C,82,98,J_C,1,0
core-02083,Haruko Cao,Haruko,Cao,J,C,83,35,J_C,1,0
core-02084,Ayako Ji,Ayako,Ji,J,C,84,72,J_C,1,0
core-02085,Yuji Xu,Yuji,Xu,J,C,85,9,J_C,1,0
core-02086,Kimiko Dong,Kimiko,Dong,J,C,86,46,J_C,1,0
core-02087,Asahi Hao,Asahi,Hao,J,C,87,83,J_C,1,0
core-02088,Haruo Jiang,Haruo,Jiang,J,C,88,20,J_C,1,0
core-02089,Minoru Cui,Minoru,Cui,J,C,89,57,J_C,1,0
core-02090,Atsushi Chang,Atsushi,Chang,J,C,90,94,J_C,1,0
core-02091,Kachi Feng,Kachi,Feng,J,C,91,31,J_C,1,0
core-02092,Kiyo Hou,Kiyo,Hou,J,C,92,68,J_C,1,0
core-02093,Tetsuo Chen,Tetsuo,Chen,J,C,93,5,J_C,1,0
core-02094,Yoshihiro Cai,Yoshihiro,Cai,J,C,94,42,J_C,1,0
core-02095,Kunio Long,Kunio,Long,J,C,95,79,J_C,1,0
core-02096,Yutaka Ma,Yutaka,Ma,J,C,96,16,J_C,1,0
core-02097,Taeko Ding,Taeko,Ding,J,C,97,53,J_C,1,0
core-02098,Tatsuo Mo,Tatsuo,Mo,J,C,98,90,J_C,1,0
core-02099,Tadao Wei,Tadao,Wei,J,C,99,27,J_C,1,0
core-02100,Yukie Qiu,Yukie,Qiu,J,C,100,64,J_C,1,0
core-02101,Kenji Lu,Kenji,Lu,J,C,1,12,J_C,1,1
core-02102,Hiroshi Su,Hiroshi,Su,J,C,2,49,J_C,1,1
core-02103,Shigeru Wan,Shigeru,Wan,J,C,3,86,J_C,1,1
core-02104,Sachiko Gao,Sachiko,Gao,J,C,4,23,J_C,1,1
core-02105,Masako Meng,Masako,Meng,J,C,5,60,J_C,1,1
core-02106,Katsumi Yi,Katsumi,Yi,J,C,6,97,J_C,1,1
core-02107,Yoko Han,Yoko,Han,J,C,7,34,J_C,1,1
core-02108,Michiko Qin,Michiko,Qin,J,C,8,71,J_C,1,1
core-02109,Toshio Wu,Toshio,Wu,J,C,9,8,J_C,1,1
core-02110,Yoshiko Tian,Yoshiko,Tian,J,C,10,45,J_C,1,1
core-02111,Hiromi Shao,Hiromi,Shao,J,C,11,82,J_C,1,1
core-02112,Hiroko Lin,Hiroko,Lin,J,C,12,19,J_C,1,1
core-02113,Yoshio Yin,Yoshio,Yin,J,C,13,56,J_C,1,1
core-02114,Kazuo Kang,Kazuo,Kang,J,C,14,93,J_C,1,1
core-02115,Akira Song,Akira,Song,J,C,15,30,J_C,1,1
core-02116,Keiko Bai,Keiko,Bai,J,C,16,67,J_C,1,1
core-02117,Hisako Liu,Hisako,Liu,J,C,17,4,J_C,1,1
core-02118,Yoshimi Pan,Yoshimi,Pan,J,C,18,41,J_C,1,1
core-02119,Fumiko Xiang,Fumiko,Xiang,J,C,19,78,J_C,1,1
core-02120,Masao He,Masao,He,J,C,20,15,J_C,1,1
core-02121,Toshiko Jin,Toshiko,Jin,J,C,21,52,J_C,1,1
core-02122,Kiyoshi Qu,Kiyoshi,Qu,J,C,22,89,J_C,1,1
core-02123,Takashi Tang,Takashi,Tang,J,C,23,26,J_C,1,1
core-02124,Yukio Gu,Yukio,Gu,J,C,24,63,J_C,1,1
core-02125,Hideo Zhan,Hideo,Zhan,J,C,25,100,J_C,1,1
core-02126,Koshi Ceng,Koshi,Ceng,J,C,26,37,J_C,1,1
core-02127,Yasuko Xue,Yasuko,Xue,J,C,27,74,J_C,1,1
core-02128,Koichi Zhou,Koichi,Zhou,J,C,28,11,J_C,1,1
core-02129,Reiko Ye,Reiko,Ye,J,C,29,48,J_C,1,1
core-02130,Koji Guan,Koji,Guan,J,C,30,85,J_C,1,1
core-02131,Takeshi Luo,Takeshi,Luo,J,C,31,22,J_C,1,1
core-02132,Takako Fang,Takako,Fang,J,C,32,59,J_C,1,1
core-02133,Tadashi Ge,Tadashi,Ge,J,C,33,96,J_C,1,1
core-02134,Miyoko Deng,Miyoko,Deng,J,C,34,33,J_C,1,1
core-02135,Tomiko Xiong,Tomiko,Xiong,J,C,35,70,J_C,1,1
core-02136,Emiko Huang,Emiko,Huang,J,C,36,7,J_C,1,1
core-02137,Shizuko Fan,Shizuko,Fan,J,C,37,44,J_C,1,1
core-02138,Noriko Tao,Noriko,Tao,J,C,38,81,J_C,1,1
core-02139,Yuko Hu,Yuko,Hu,J,C,39,18,J_C,1,1
core-02140,Kiyoko Ren,Kiyoko,Ren,J,C,40,55,J_C,1,1
core-02141,Ko Lan,Ko,Lan,J,C,41,92,J_C,1,1
core-02142,Nobuko Xie,Nobuko,Xie,J,C,42,29,J_C,1,1
core-02143,Mieko Xia,Mieko,Xia,J,C,43,66,J_C,1,1
core-02144,Yoshie Zhang,Yoshie,Zhang,J,C,44,3,J_C,1,1
core-02145,Shoji Yuan,Shoji,Yuan,J,C,45,40,J_C,1,1
core-02146,Masami Duan,Masami,Duan,J,C,46,77,J_C,1,1
core-02147,Teruko Sun,Teruko,Sun,J,C,47,14,J_C,1,1
core-02148,Mitsuo Zhong,Mitsuo,Zhong,J,C,48,51,J_C,1,1
core-02149,Ryoko Hong,Ryoko,Hong,J,C,49,88,J_C,1,1
core-02150,Yasuo Liang,Yasuo,Liang,J,C,50,25,J_C,1,1
core-02151,Chiyoko Wen,Chiyoko,Wen,J,C,51,62,J_C,1,1
core-02152,Kazue Xing,Kazue,Xing,J,C,52,99,J_C,1,1
core-02153,Chieko Tan,Chieko,Tan,J,C,53,36,J_C,1,1
core-02154,Sumiko Gong,Sumiko,Gong,J,C,54,73,J_C,1,1
core-02155,Hiroyuki Zhao,Hiroyuki,Zhao,J,C,55,10,J_C,1,1
core-02156,Akiko Fu,Akiko,Fu,J,C,56,47,J_C,1,1
core-02157,Shigeo Lai,Shigeo,Lai,J,C,57,84,J_C,1,1
core-02158,Susumu Guo,Susumu,Guo,J,C,58,21,J_C,1,1
core-02159,Etsuko Liao,Etsuko,Liao,J,C,59,58,J_C,1,1
core-02160,Akio Bao,Akio,Bao,J,C,60,95,J_C,1,1
core-02161,Shigeko Yan,Shigeko,Yan,J,C,61,32,J_C,1,1
core-02162,Isamu Zou,Isamu,Zou,J,C,62,69,J_C,1,1
core-02163,Shizue Yang,Shizue,Yang,J,C,63,6,J_C,1,1
core-02164,Kenichi Cheng,Kenichi,Cheng,J,C,64,43,J_C,1,1
core-02165,Masaki Mao,Masaki,Mao,J,C,65,80,J_C,1,1
core-02166,Yaeko Yu,Yaeko,Yu,J,C,66,17,J_C,1,1
core-02167,Aiko Yao,Aiko,Yao,J,C,67,54,J_C,1,1
core-02168,Masahiro Kong,Masahiro,Kong,J,C,68,91,J_C,1,1
core-02169,Shinichi Shi,Shinichi,Shi,J,C,69,28,J_C,1,1
core-02170,Shoichi Jia,Shoichi,Jia,J,C,70,65,J_C,1,1
core-02171,Jitsu Li,Jitsu,Li,J,C,71,2,J_C,1,1
core-02172,Osamu Xiao,Osamu,Xiao,J,C,72,39,J_C,1,1
core-02173,Tomoko Lei,Tomoko,Lei,J,C,73,76,J_C,1,1
core-02174,Sadako Zhu,Sadako,Zhu,J,C,74,13,J_C,1,1
core-02175,Masayuki Du,Masayuki,Du,J,C,75,50,J_C,1,1
core-02176,Takeo Qian,Takeo,Qian,J,C,76,87,J_C,1,1
core-02177,Takao Zheng,Takao,Zheng,J,C,77,24,J_C,1,1
core-02178,Hideko Dai,Hideko,Dai,J,C,78,61,J_C,1,1
core-02179,Tsutomu Niu,Tsutomu,Niu,J,C,79,98,J_C,1,1
core-02180,Makoto Cao,Makoto,Cao,J,C,80,35,J_C,1,1
core-02181,Yoshiaki Ji,Yoshiaki,Ji,J,C,81,72,J_C,1,1
core-02182,Yuki Xu,Yuki,Xu,J,C,82,9,J_C,1,1
core-02183,Haruko Dong,Haruko,Dong,J,C,83,46,J_C,1,1
core-02184,Ayako Hao,Ayako,Hao,J,C,84,83,J_C,1,1
core-02185,Yuji Jiang,Yuji,Jiang,J,C,85,20,J_C,1,1
core-02186,Kimiko Cui,Kimiko,Cui,J,C,86,57,J_C,1,1
core-02187,Asahi Chang,Asahi,Chang,J,C,87,94,J_C,1,1
core-02188,Haruo Feng,Haruo,Feng,J,C,88,31,J_C,1,1
core-02189,Minoru Hou,Minoru,Hou,J,C,89,68,J_C,1,1
core-02190,Atsushi Chen,Atsushi,Chen,J,C,90,5,J_C,1,1
core-02191,Kachi Cai,Kachi,Cai,J,C,91,42,J_C,1,1
core-02192,Kiyo Long,Kiyo,Long,J,C,92,79,J_C,1,1
core-02193,Tetsuo Ma,Tetsuo,Ma,J,C,93,16,J_C,1,1
core-02194,Yoshihiro Ding,Yoshihiro,Ding,J,C,94,53,J_C,1,1
core-02195,Kunio Mo,Kunio,Mo,J,C,95,90,J_C,1,1
core-02196,Yutaka Wei,Yutaka,Wei,J,C,96,27,J_C,1,1
core-02197,Taeko Qiu,Taeko,Qiu,J,C,97,64,J_C,1,1
core-02198,Tatsuo Wang,Tatsuo,Wang,J,C,98,1,J_C,1,1
core-02199,Tadao Peng,Tadao,Peng,J,C,99,38,J_C,1,1
core-02200,Yukie Qi,Yukie,Qi,J,C,100,75,J_C,1,1
core-02201,Kenji Gao,Kenji,Gao,J,C,1,23,J_C,1,2
core-02202,Hiroshi Meng,Hiroshi,Meng,J,C,2,60,J_C,1,2
core-02203,Shigeru Yi,Shigeru,Yi,J,C,3,97,J_C,1,2
core-02204,Sachiko Han,Sachiko,Han,J,C,4,34,J_C,1,2
core-02205,Masako Qin,Masako,Qin,J,C,5,71,J_C,1,2
core-02206,Katsumi Wu,Katsumi,Wu,J,C,6,8,J_C,1,2
core-02207,Yoko Tian,Yoko,Tian,J,C,7,45,J_C,1,2
core-02208,Michiko Shao,Michiko,Shao,J,C,8,82,J_C,1,2
core-02209,Toshio Lin,Toshio,Lin,J,C,9,19,J_C,1,2
core-02210,Yoshiko Yin,Yoshiko,Yin,J,C,10,56,J_C,1,2
core-02211,Hiromi Kang,Hiromi,Kang,J,C,11,93,J_C,1,2
core-02212,Hiroko Song,Hiroko,Song,J,C,12,30,J_C,1,2
core-02213,Yoshio Bai,Yoshio,Bai,J,C,13,67,J_C,1,2
core-02214,Kazuo Liu,Kazuo,Liu,J,C,14,4,J_C,1,2
core-02215,Akira Pan,Akira,Pan,J,C,15,41,J_C,1,2
core-02216,Keiko Xiang,Keiko,Xiang,J,C,16,78,J_C,1,2
core-02217,Hisako He,Hisako,He,J,C,17,15,J_C,1,2
core-02218,Yoshimi Jin,Yoshimi,Jin,J,C,18,52,J_C,1,2
core-02219,Fumiko Qu,Fumiko,Qu,J,C,19,89,J_C,1,2
core-02220,Masao Tang,Masao,Tang,J,C,20,26,J_C,1,2
core-02221,Toshiko Gu,Toshiko,Gu,J,C,21,63,J_C,1,2
core-02222,Kiyoshi Zhan,Kiyoshi,Zhan,J,C,22,100,J_C,1,2
core-02223,Takashi Ceng,Takashi,Ceng,J,C,23,37,J_C,1,2
core-02224,Yukio Xue,Yukio,Xue,J,C,24,74,J_C,1,2
core-02225,Hideo Zhou,Hideo,Zhou,J,C,25,11,J_C,1,2
core-02226,Koshi Ye,Koshi,Ye,J,C,26,48,J_C,1,2
core-02227,Yasuko Guan,Yasuko,Guan,J,C,27,85,J_C,1,2
core-02228,Koichi Luo,Koichi,Luo,J,C,28,22,J_C,1,2
core-02229,Reiko Fang,Reiko,Fang,J,C,29,59,J_C,1,2
core-02230,Koji Ge,Koji,Ge,J,C,30,96,J_C,1,2
core-02231,Takeshi Deng,Takeshi,Deng,J,C,31,33,J_C,1,2
core-02232,Takako Xiong,Takako,Xiong,J,C,32,70,J_C,1,2
core-02233,Tadashi Huang,Tadashi,Huang,J,C,33,7,J_C,1,2
core-02234,Miyoko Fan,Miyoko,Fan,J,C,34,44,J_C,1,2
core-02235,Tomiko Tao,Tomiko,Tao,J,C,35,81,J_C,1,2
core-02236,Emiko Hu,Emiko,Hu,J,C,36,18,J_C,1,2
core-02237,Shizuko Ren,Shizuko,Ren,J,C,37,55,J_C,1,2
core-02238,Noriko Lan,Noriko,Lan,J,C,38,92,J_C,1,2
core-02239,Yuko Xie,Yuko,Xie,J,C,39,29,J_C,1,2
core-02240,Kiyoko Xia,Kiyoko,Xia,J,C,40,66,J_C,1,2
core-02241,Ko Zhang,Ko,Zhang,J,C,41,3,J_C,1,2
core-02242,Nobuko Yuan,Nobuko,Yuan,J,C,42,40,J_C,1,2
core-02243,Mieko Duan,Mieko,Duan,J,C,43,77,J_C,1,2
core-02244,Yoshie Sun,Yoshie,Sun,J,C,44,14,J_C,1,2
core-02245,Shoji Zhong,Shoji,Zhong,J,C,45,51,J_C,1,2
core-02246,Masami Hong,Masami,Hong,J,C,46,88,J_C,1,2
core-02247,Teruko Liang,Teruko,Liang,J,C,47,25,J_C,1,2
core-02248,Mitsuo Wen,Mitsuo,Wen,J,C,48,62,J_C,1,2
core-02249,Ryoko Xing,Ryoko,Xing,J,C,49,99,J_C,1,2
core-02250,Yasuo Tan,Yasuo,Tan,J,C,50,36,J_C,1,2
core-02251,Chiyoko Gong,Chiyoko,Gong,J,C,51,73,J_C,1,2
core-02252,Kazue Zhao,Kazue,Zhao,J,C,52,10,J_C,1,2
core-02253,Chieko Fu,Chieko,Fu,J,C,53,47,J_C,1,2
core-02254,Sumiko Lai,Sumiko,Lai,J,C,54,84,J_C,1,2
core-02255,Hiroyuki Guo,Hiroyuki,Guo,J,C,55,21,J_C,1,2
core-02256,Akiko Liao,Akiko,Liao,J,C,56,58,J_C,1,2
core-02257,Shigeo Bao,Shigeo,Bao,J,C,57,95,J_C,1,2
core-02258,Susumu Yan,Susumu,Yan,J,C,58,32,J_C,1,2
core-02259,Etsuko Zou,Etsuko,Zou,J,C,59,69,J_C,1,2
core-02260,Akio Yang,Akio,Yang,J,C,60,6,J_C,1,2
core-02261,Shigeko Cheng,Shigeko,Cheng,J,C,61,43,J_C,1,2
core-02262,Isamu Mao,Isamu,Mao,J,C,62,80,J_C,1,2
core-02263,Shizue Yu,Shizue,Yu,J,C,63,17,J_C,1,2
core-02264,Kenichi Yao,Kenichi,Yao,J,C,64,54,J_C,1,2
core-02265,Masaki Kong,Masaki,Kong,J,C,65,91,J_C,1,2
core-02266,Yaeko Shi,Yaeko,Shi,J,C,66,28,J_C,1,2
core-02267,Aiko Jia,Aiko,Jia,J,C,67,65,J_C,1,2
core-02268,Masahiro Li,Masahiro,Li,J,C,68,2,J_C,1,2
core-02269,Shinichi Xiao,Shinichi,Xiao,J,C,69,39,J_C,1,2
core-02270,Shoichi Lei,Shoichi,Lei,J,C,70,76,J_C,1,2
core-02271,Jitsu Zhu,Jitsu,Zhu,J,C,71,13,J_C,1,2
core-02272,Osamu Du,Osamu,Du,J,C,72,50,J_C,1,2
core-02273,Tomoko Qian,Tomoko,Qian,J,C,73,87,J_C,1,2
core-02274,Sadako Zheng,Sadako,Zheng,J,C,74,24,J_C,1,2
core-02275,Masayuki Dai,Masayuki,Dai,J,C,75,61,J_C,1,2
core-02276,Takeo Niu,Takeo,Niu,J,C,76,98,J_C,1,2
core-02277,Takao Cao,Takao,Cao,J,C,77,35,J_C,1,2
core-02278,Hideko Ji,Hideko,Ji,J,C,78,72,J_C,1,2
core-02279,Tsutomu Xu,Tsutomu,Xu,J,C,79,9,J_C,1,2
core-02280,Makoto Dong,Makoto,Dong,J,C,80,46,J_C,1,2
core-02281,Yoshiaki Hao,Yoshiaki,Hao,J,C,81,83,J_C,1,2
core-02282,Yuki Jiang,Yuki,Jiang,J,C,82,20,J_C,1,2
core-02283,Haruko Cui,Haruko,Cui,J,C,83,57,J_C,1,2
core-02284,Ayako Chang,Ayako,Chang,J,C,84,94,J_C,1,2
core-02285,Yuji Feng,Yuji,Feng,J,C,85,31,J_C,1,2
core-02286,Kimiko Hou,Kimiko,Hou,J,C,86,68,J_C,1,2
core-02287,Asahi Chen,Asahi,Chen,J,C,87,5,J_C,1,2
core-02288,Haruo Cai,Haruo,Cai,J,C,88,42,J_C,1,2
core-02289,Minoru Long,Minoru,Long,J,C,89,79,J_C,1,2
core-02290,Atsushi Ma,Atsushi,Ma,J,C,90,16,J_C,1,2
core-02291,Kachi Ding,Kachi,Ding,J,C,91,53,J_C,1,2
core-02292,Kiyo Mo,Kiyo,Mo,J,C,92,90,J_C,1,2
core-02293,Tetsuo Wei,Tetsuo,Wei,J,C,93,27,J_C,1,2
core-02294,Yoshihiro Qiu,Yoshihiro,Qiu,J,C,94,64,J_C,1,2
core-02295,Kunio Wang,Kunio,Wang,J,C,95,1,J_C,1,2
core-02296,Yutaka Peng,Yutaka,Peng,J,C,96,38,J_C,1,2
core-02297,Taeko Qi,Taeko,Qi,J,C,97,75,J_C,1,2
core-02298,Tatsuo Lu,Tatsuo,Lu,J,C,98,12,J_C,1,2
core-02299,Tadao Su,Tadao,Su,J,C,99,49,J_C,1,2
core-02300,Yukie Wan,Yukie,Wan,J,C,100,86,J_C,1,2
core-02301,Kenji Han,Kenji,Han,J,C,1,34,J_C,1,3
core-02302,Hiroshi Qin,Hiroshi,Qin,J,C,2,71,J_C,1,3
core-02303,Shigeru Wu,Shigeru,Wu,J,C,3,8,J_C,1,3
core-02304,Sachiko Tian,Sachiko,Tian,J,C,4,45,J_C,1,3
core-02305,Masako Shao,Masako,Shao,J,C,5,82,J_C,1,3
core-02306,Katsumi Lin,Katsumi,Lin,J,C,6,19,J_C,1,3
core-02307,Yoko Yin,Yoko,Yin,J,C,7,56,J_C,1,3
core-02308,Michiko Kang,Michiko,Kang,J,C,8,93,J_C,1,3
core-02309,Toshio Song,Toshio,Song,J,C,9,30,J_C,1,3
core-02310,Yoshiko Bai,Yoshiko,Bai,J,C,10,67,J_C,1,3
core-02311,Hiromi Liu,Hiromi,Liu,J,C,11,4,J_C,1,3
core-02312,Hiroko Pan,Hiroko,Pan,J,C,12,41,J_C,1,3
core-02313,Yoshio Xiang,Yoshio,Xiang,J,C,13,78,J_C,1,3
core-02314,Kazuo He,Kazuo,He,J,C,14,15,J_C,1,3
core-02315,Akira Jin,Akira,Jin,J,C,15,52,J_C,1,3
core-02316,Keiko Qu,Keiko,Qu,J,C,16,89,J_C,1,3
core-02317,Hisako Tang,Hisako,Tang,J,C,17,26,J_C,1,3
core-02318,Yoshimi Gu,Yoshimi,Gu,J,C,18,63,J_C,1,3
core-02319,Fumiko Zhan,Fumiko,Zhan,J,C,19,100,J_C,1,3
core-02320,Masao Ceng,Masao,Ceng,J,C,20,37,J_C,1,3
core-02321,Toshiko Xue,Toshiko,Xue,J,C,21,74,J_C,1,3
core-02322,Kiyoshi Zhou,Kiyoshi,Zhou,J,C,22,11,J_C,1,3
core-02323,Takashi Ye,Takashi,Ye,J,C,23,48,J_C,1,3
core-02324,Yukio Guan,Yukio,Guan,J,C,24,85,J_C,1,3
core-02325,Hideo Luo,Hideo,Luo,J,C,25,22,J_C,1,3
core-02326,Koshi Fang,Koshi,Fang,J,C,26,59,J_C,1,3
core-02327,Yasuko Ge,Yasuko,Ge,J,C,27,96,J_C,1,3
core-02328,Koichi Deng,Koichi,Deng,J,C,28,33,J_C,1,3
core-02329,Reiko Xiong,Reiko,Xiong,J,C,29,70,J_C,1,3
core-02330,Koji Huang,Koji,Huang,J,C,30,7,J_C,1,3
core-02331,Takeshi Fan,Takeshi,Fan,J,C,31,44,J_C,1,3
core-02332,Takako Tao,Takako,Tao,J,C,32,81,J_C,1,3
core-02333,Tadashi Hu,Tadashi,Hu,J,C,33,18,J_C,1,3
core-02334,Miyoko Ren,Miyoko,Ren,J,C,34,55,J_C,1,3
core-02335,Tomiko Lan,Tomiko,Lan,J,C,35,92,J_C,1,3
core-02336,Emiko Xie,Emiko,Xie,J,C,36,29,J_C,1,3
core-02337,Shizuko Xia,Shizuko,Xia,J,C,37,66,J_C,1,3
core-02338,Noriko Zhang,Noriko,Zhang,J,C,38,3,J_C,1,3
core-02339,Yuko Yuan,Yuko,Yuan,J,C,39,40,J_C,1,3
core-02340,Kiyoko Duan,Kiyoko,Duan,J,C,40,77,J_C,1,3
core-02341,Ko Sun,Ko,Sun,J,C,41,14,J_C,1,3
core-02342,Nobuko Zhong,Nobuko,Zhong,J,C,42,51,J_C,1,3
core-02343,Mieko Hong,Mieko,Hong,J,C,43,88,J_C,1,3
core-02344,Yoshie Liang,Yoshie,Liang,J,C,44,25,J_C,1,3
core-02345,Shoji Wen,Shoji,Wen,J,C,45,62,J_C,1,3
core-02346,Masami Xing,Masami,Xing,J,C,46,99,J_C,1,3
core-02347,Teruko Tan,Teruko,Tan,J,C,47,36,J_C,1,3
core-02348,Mitsuo Gong,Mitsuo,Gong,J,C,48,73,J_C,1,3
core-02349,Ryoko Zhao,Ryoko,Zhao,J,C,49,10,J_C,1,3
core-02350,Yasuo Fu,Yasuo,Fu,J,C,50,47,J_C,1,3
core-02351,Chiyoko Lai,Chiyoko,Lai,J,C,51,84,J_C,1,3
core-02352,Kazue Guo,Kazue,Guo,J,C,52,21,J_C,1,3
core-02353,Chieko Liao,Chieko,Liao,J,C,53,58,J_C,1,3
core-02354,Sumiko Bao,Sumiko,Bao,J,C,54,95,J_C,1,3
core-02355,Hiroyuki Yan,Hiroyuki,Yan,J,C,55,32,J_C,1,3
core-02356,Akiko Zou,Akiko,Zou,J,C,56,69,J_C,1,3
core-02357,Shigeo Yang,Shigeo,Yang,J,C,57,6,J_C,1,3
core-02358,Susumu Cheng,Susumu,Cheng,J,C,58,43,J_C,1,3
core-02359,Etsuko Mao,Etsuko,Mao,J,C,59,80,J_C,1,3
core-02360,Akio Yu,Akio,Yu,J,C,60,17,J_C,1,3
core-02361,Shigeko Yao,Shigeko,Yao,J,C,61,54,J_C,1,3
core-02362,Isamu Kong,Isamu,Kong,J,C,62,91,J_C,1,3
core-02363,Shizue Shi,Shizue,Shi,J,C,63,28,J_C,1,3
core-02364,Kenichi Jia,Kenichi,Jia,J,C,64,65,J_C,1,3
core-02365,Masaki Li,Masaki,Li,J,C,65,2,J_C,1,3
core-02366,Yaeko Xiao,Yaeko,Xiao,J,C,66,39,J_C,1,3
core-02367,Aiko Lei,Aiko,Lei,J,C,67,76,J_C,1,3
core-02368,Masahiro Zhu,Masahiro,Zhu,J,C,68,13,J_C,1,3
core-02369,Shinichi Du,Shinichi,Du,J,C,69,50,J_C,1,3
core-02370,Shoichi Qian,Shoichi,Qian,J,C,70,87,J_C,1,3
core-02371,Jitsu Zheng,Jitsu,Zheng,J,C,71,24,J_C,1,3
core-02372,Osamu Dai,Osamu,Dai,J,C,72,61,J_C,1,3
core-02373,Tomoko Niu,Tomoko,Niu,J,C,73,98,J_C,1,3
core-02374,Sadako Cao,Sadako,Cao,J,C,74,35,J_C,1,3
core-02375,Masayuki Ji,Masayuki,Ji,J,C,75,72,J_C,1,3
core-02376,Takeo Xu,Takeo,Xu,J,C,76,9,J_C,1,3
core-02377,Takao Dong,Takao,Dong,J,C,77,46,J_C,1,3
core-02378,Hideko Hao,Hideko,Hao,J,C,78,83,J_C,1,3
core-02379,Tsutomu Jiang,Tsutomu,Jiang,J,C,79,20,J_C,1,3
core-02380,Makoto Cui,Makoto,Cui,J,C,80,57,J_C,1,3
core-02381,Yoshiaki Chang,Yoshiaki,Chang,J,C,81,94,J_C,1,3
core-02382,Yuki Feng,Yuki,Feng,J,C,82,31,J_C,1,3
core-02383,Haruko Hou,Haruko,Hou,J,C,83,68,J_C,1,3
core-02384,Ayako Chen,Ayako,Chen,J,C,84,5,J_C,1,3
core-02385,Yuji Cai,Yuji,Cai,J,C,85,42,J_C,1,3
core-02386,Kimiko Long,Kimiko,Long,J,C,86,79,J_C,1,3
core-02387,Asahi Ma,Asahi,Ma,J,C,87,16,J_C,1,3
core-02388,Haruo Ding,Haruo,Ding,J,C,88,53,J_C,1,3
core-02389,Minoru Mo,Minoru,Mo,J,C,89,90,J_C,1,3
core-02390,Atsushi Wei,Atsushi,Wei,J,C,90,27,J_C,1,3
core-02391,Kachi Qiu,Kachi,Qiu,J,C,91,64,J_C,1,3
core-02392,Kiyo Wang,Kiyo,Wang,J,C,92,1,J_C,1,3
core-02393,Tetsuo Peng,Tetsuo,Peng,J,C,93,38,J_C,1,3
core-02394,Yoshihiro Qi,Yoshihiro,Qi,J,C,94,75,J_C,1,3
core-02395,Kunio Lu,Kunio,Lu,J,C,95,12,J_C,1,3
core-02396,Yutaka Su,Yutaka,Su,J,C,96,49,J_C,1,3
core-02397,Taeko Wan,Taeko,Wan,J,C,97,86,J_C,1,3
core-02398,Tatsuo Gao,Tatsuo,Gao,J,C,98,23,J_C,1,3
core-02399,Tadao Meng,Tadao,Meng,J,C,99,60,J_C,1,3
core-02400,Yukie Yi,Yukie,Yi,J,C,100,97,J_C,1,3
core-02401,Kenji Tian,Kenji,Tian,J,C,1,45,J_C,1,4
core-02402,Hiroshi Shao,Hiroshi,Shao,J,C,2,82,J_C,1,4
core-02403,Shigeru Lin,Shigeru,Lin,J,C,3,19,J_C,1,4
core-02404,Sachiko Yin,Sachiko,Yin,J,C,4,56,J_C,1,4
core-02405,Masako Kang,Masako,Kang,J,C,5,93,J_C,1,4
core-02406,Katsumi Song,Katsumi,Song,J,C,6,30,J_C,1,4
core-02407,Yoko Bai,Yoko,Bai,J,C,7,67,J_C,1,4
core-02408,Michiko Liu,Michiko,Liu,J,C,8,4,J_C,1,4
core-02409,Toshio Pan,Toshio,Pan,J,C,9,41,J_C,1,4
core-02410,Yoshiko Xiang,Yoshiko,Xiang,J,C,10,78,J_C,1,4
core-02411,Hiromi He,Hiromi,He,J,C,11,15,J_C,1,4
core-02412,Hiroko Jin,Hiroko,Jin,J,C,12,52,J_C,1,4
core-02413,Yoshio Qu,Yoshio,Qu,J,C,13,89,J_C,1,4
core-02414,Kazuo Tang,Kazuo,Tang,J,C,14,26,J_C,1,4
core-02415,Akira Gu,Akira,Gu,J,C,15,63,J_C,1,4
core-02416,Keiko Zhan,Keiko,Zhan,J,C,16,100,J_C,1,4
core-02417,Hisako Ceng,Hisako,Ceng,J,C,17,37,J_C,1,4
core-02418,Yoshimi Xue,Yoshimi,Xue,J,C,18,74,J_C,1,4
core-02419,Fumiko Zhou,Fumiko,Zhou,J,C,19,11,J_C,1,4
core-02420,Masao Ye,Masao,Ye,J,C,20,48,J_C,1,4
core-02421,Toshiko Guan,Toshiko,Guan,J,C,21,85,J_C,1,4
core-02422,Kiyoshi Luo,Kiyoshi,Luo,J,C,22,22,J_C,1,4
core-02423,Takashi Fang,Takashi,Fang,J,C,23,59,J_C,1,4
core-02424,Yukio Ge,Yukio,Ge,J,C,24,96,J_C,1,4
core-02425,Hideo Deng,Hideo,Deng,J,C,25,33,J_C,1,4
core-02426,Koshi Xiong,Koshi,Xiong,J,C,26,70,J_C,1,4
core-02427,Yasuko Huang,Yasuko,Huang,J,C,27,7,J_C,1,4
core-02428,Koichi Fan,Koichi,Fan,J,C,28,44,J_C,1,4
core-02429,Reiko Tao,Reiko,Tao,J,C,29,81,J_C,1,4
core-02430,Koji Hu,Koji,Hu,J,C,30,18,J_C,1,4
core-02431,Takeshi Ren,Takeshi,Ren,J,C,31,55,J_C,1,4
core-02432,Takako Lan,Takako,Lan,J,C,32,92,J_C,1,4
core-02433,Tadashi Xie,Tadashi,Xie,J,C,33,29,J_C,1,4
core-02434,Miyoko Xia,Miyoko,Xia,J,C,34,66,J_C,1,4
core-02435,Tomiko Zhang,Tomiko,Zhang,J,C,35,3,J_C,1,4
core-02436,Emiko Yuan,Emiko,Yuan,J,C,36,40,J_C,1,4
core-02437,Shizuko Duan,Shizuko,Duan,J,C,37,77,J_C,1,4
core-02438,Noriko Sun,Noriko,Sun,J,C,38,14,J_C,1,4
core-02439,Yuko Zhong,Yuko,Zhong,J,C,39,51,J_C,1,4
core-02440,Kiyoko Hong,Kiyoko,Hong,J,C,40,88,J_C,1,4
core-02441,Ko Liang,Ko,Liang,J,C,41,25,J_C,1,4
core-02442,Nobuko Wen,Nobuko,Wen,J,C,42,62,J_C,1,4
core-02443,Mieko Xing,Mieko,Xing,J,C,43,99,J_C,1,4
core-02444,Yoshie Tan,Yoshie,Tan,J,C,44,36,J_C,1,4
core-02445,Shoji Gong,Shoji,Gong,J,C,45,73,J_C,1,4
core-02446,Masami Zhao,Masami,Zhao,J,C,46,10,J_C,1,4
core-02447,Teruko Fu,Teruko,Fu,J,C,47,47,J_C,1,4
core-02448,Mitsuo Lai,Mitsuo,Lai,J,C,48,84,J_C,1,4
core-02449,Ryoko Guo,Ryoko,Guo,J,C,49,21,J_C,1,4
core-02450,Yasuo Liao,Yasuo,Liao,J,C,50,58,J_C,1,4
core-02451,Chiyoko Bao,Chiyoko,Bao,J,C,51,95,J_C,1,4
core-02452,Kazue Yan,Kazue,Yan,J,C,52,32,J_C,1,4
core-02453,Chieko Zou,Chieko,Zou,J,C,53,69,J_C,1,4
core-02454,Sumiko Yang,Sumiko,Yang,J,C,54,6,J_C,1,4
core-02455,Hiroyuki Cheng,Hiroyuki,Cheng,J,C,55,43,J_C,1,4
core-02456,Akiko Mao,Akiko,Mao,J,C,56,80,J_C,1,4
core-02457,Shigeo Yu,Shigeo,Yu,J,C,57,17,J_C,1,4
core-02458,Susumu Yao,Susumu,Yao,J,C,58,54,J_C,1,4
core-02459,Etsuko Kong,Etsuko,Kong,J,C,59,91,J_C,1,4
core-02460,Akio Shi,Akio,Shi,J,C,60,28,J_C,1,4
core-02461,Shigeko Jia,Shigeko,Jia,J,C,61,65,J_C,1,4
core-02462,Isamu Li,Isamu,Li,J,C,62,2,J_C,1,4
core-02463,Shizue Xiao,Shizue,Xiao,J,C,63,39,J_C,1,4
core-02464,Kenichi Lei,Kenichi,Lei,J,C,64,76,J_C,1,4
core-02465,Masaki Zhu,Masaki,Zhu,J,C,65,13,J_C,1,4
core-02466,Yaeko Du,Yaeko,Du,J,C,66,50,J_C,1,4
core-02467,Aiko Qian,Aiko,Qian,J,C,67,87,J_C,1,4
core-02468,Masahiro Zheng,Masahiro,Zheng,J,C,68,24,J_C,1,4
core-02469,Shinichi Dai,Shinichi,Dai,J,C,69,61,J_C,1,4
core-02470,Shoichi Niu,Shoichi,Niu,J,C,70,98,J_C,1,4
core-02471,Jitsu Cao,Jitsu,Cao,J,C,71,35,J_C,1,4
core-02472,Osamu Ji,Osamu,Ji,J,C,72,72,J_C,1,4
core-02473,Tomoko Xu,Tomoko,Xu,J,C,73,9,J_C,1,4
core-02474,Sadako Dong,Sadako,Dong,J,C,74,46,J_C,1,4
core-02475,Masayuki Hao,Masayuki,Hao,J,C,75,83,J_C,1,4
core-02476,Takeo Jiang,Takeo,Jiang,J,C,76,20,J_C,1,4
core-02477,Takao Cui,Takao,Cui,J,C,77,57,J_C,1,4
core-02478,Hideko Chang,Hideko,Chang,J,C,78,94,J_C,1,4
core-02479,Tsutomu Feng,Tsutomu,Feng,J,C,79,31,J_C,1,4
core-02480,Makoto Hou,Makoto,Hou,J,C,80,68,J_C,1,4
core-02481,Yoshiaki Chen,Yoshiaki,Chen,J,C,81,5,J_C,1,4
core-02482,Yuki Cai,Yuki,Cai,J,C,82,42,J_C,1,4
core-02483,Haruko Long,Haruko,Long,J,C,83,79,J_C,1,4
core-02484,Ayako Ma,Ayako,Ma,J,C,84,16,J_C,1,4
core-02485,Yuji Ding,Yuji,Ding,J,C,85,53,J_C,1,4
core-02486,Kimiko Mo,Kimiko,Mo,J,C,86,90,J_C,1,4
core-02487,Asahi Wei,Asahi,Wei,J,C,87,27,J_C,1,4
core-02488,Haruo Qiu,Haruo,Qiu,J,C,88,64,J_C,1,4
core-02489,Minoru Wang,Minoru,Wang,J,C,89,1,J_C,1,4
core-02490,Atsushi Peng,Atsushi,Peng,J,C,90,38,J_C,1,4
core-02491,Kachi Qi,Kachi,Qi,J,C,91,75,J_C,1,4
core-02492,Kiyo Lu,Kiyo,Lu,J,C,92,12,J_C,1,4
core-02493,Tetsuo Su,Tetsuo,Su,J,C,93,49,J_C,1,4
core-02494,Yoshihiro Wan,Yoshihiro,Wan,J,C,94,86,J_C,1,4
core-02495,Kunio Gao,Kunio,Gao,J,C,95,23,J_C,1,4
core-02496,Yutaka Meng,Yutaka,Meng,J,C,96,60,J_C,1,4
core-02497,Taeko Yi,Taeko,Yi,J,C,97,97,J_C,1,4
core-02498,Tatsuo Han,Tatsuo,Han,J,C,98,34,J_C,1,4
core-02499,Tadao Qin,Tadao,Qin,J,C,99,71,J_C,1,4
core-02500,Yukie Wu,Yukie,Wu,J,C,100,8,J_C,1,4
core-02501,Kenji Yin,Kenji,Yin,J,C,1,56,J_C,1,5
core-02502,Hiroshi Kang,Hiroshi,Kang,J,C,2,93,J_C,1,5
core-02503,Shigeru Song,Shigeru,Song,J,C,3,30,J_C,1,5
core-02504,Sachiko Bai,Sachiko,Bai,J,C,4,67,J_C,1,5
core-02505,Masako Liu,Masako,Liu,J,C,5,4,J_C,1,5
core-02506,Katsumi Pan,Katsumi,Pan,J,C,6,41,J_C,1,5
core-02507,Yoko Xiang,Yoko,Xiang,J,C,7,78,J_C,1,5
core-02508,Michiko He,Michiko,He,J,C,8,15,J_C,1,5
core-02509,Toshio Jin,Toshio,Jin,J,C,9,52,J_C,1,5
core-02510,Yoshiko Qu,Yoshiko,Qu,J,C,10,89,J_C,1,5
core-02511,Hiromi Tang,Hiromi,Tang,J,C,11,26,J_C,1,5
core-02512,Hiroko Gu,Hiroko,Gu,J,C,12,63,J_C,1,5
core-02513,Yoshio Zhan,Yoshio,Zhan,J,C,13,100,J_C,1,5
core-02514,Kazuo Ceng,Kazuo,Ceng,J,C,14,37,J_C,1,5
core-02515,Akira Xue,Akira,Xue,J,C,15,74,J_C,1,5
core-02516,Keiko Zhou,Keiko,Zhou,J,C,16,11,J_C,1,5
core-02517,Hisako Ye,Hisako,Ye,J,C,17,48,J_C,1,5
core-02518,Yoshimi Guan,Yoshimi,Guan,J,C,18,85,J_C,1,5
core-02519,Fumiko Luo,Fumiko,Luo,J,C,19,22,J_C,1,5
core-02520,Masao Fang,Masao,Fang,J,C,20,59,J_C,1,5
core-02521,Toshiko Ge,Toshiko,Ge,J,C,21,96,J_C,1,5
core-02522,Kiyoshi Deng,Kiyoshi,Deng,J,C,22,33,J_C,1,5
core-02523,Takashi Xiong,Takashi,Xiong,J,C,23,70,J_C,1,5
core-02524,Yukio Huang,Yukio,Huang,J,C,24,7,J_C,1,5
core-02525,Hideo Fan,Hideo,Fan,J,C,25,44,J_C,1,5
core-02526,Koshi Tao,Koshi,Tao,J,C,26,81,J_C,1,5
core-02527,Yasuko Hu,Yasuko,Hu,J,C,27,18,J_C,1,5
core-02528,Koichi Ren,Koichi,Ren,J,C,28,55,J_C,1,5
core-02529,Reiko Lan,Reiko,Lan,J,C,29,92,J_C,1,5
core-02530,Koji Xie,Koji,Xie,J,C,30,29,J_C,1,5
core-02531,Takeshi Xia,Takeshi,Xia,J,C,31,66,J_C,1,5
core-02532,Takako Zhang,Takako,Zhang,J,C,32,3,J_C,1,5
core-02533,Tadashi Yuan,Tadashi,Yuan,J,C,33,40,J_C,1,5
core-02534,Miyoko Duan,Miyoko,Duan,J,C,34,77,J_C,1,5
core-02535,Tomiko Sun,Tomiko,Sun,J,C,35,14,J_C,1,5
core-02536,Emiko Zhong,Emiko,Zhong,J,C,36,51,J_C,1,5
core-02537,Shizuko Hong,Shizuko,Hong,J,C,37,88,J_C,1,5
core-02538,Noriko Liang,Noriko,Liang,J,C,38,25,J_C,1,5
core-02539,Yuko Wen,Yuko,Wen,J,C,39,62,J_C,1,5
core-02540,Kiyoko Xing,Kiyoko,Xing,J,C,40,99,J_C,1,5
core-02541,Ko Tan,Ko,Tan,J,C,41,36,J_C,1,5
core-02542,Nobuko Gong,Nobuko,Gong,J,C,42,73,J_C,1,5
core-02543,Mieko Zhao,Mieko,Zhao,J,C,43,10,J_C,1,5
core-02544,Yoshie Fu,Yoshie,Fu,J,C,44,47,J_C,1,5
core-02545,Shoji Lai,Shoji,Lai,J,C,45,84,J_C,1,5
core-02546,Masami Guo,Masami,Guo,J,C,46,21,J_C,1,5
core-02547,Teruko Liao,Teruko,Liao,J,C,47,58,J_C,1,5
core-02548,Mitsuo Bao,Mitsuo,Bao,J,C,48,95,J_C,1,5
core-02549,Ryoko Yan,Ryoko,Yan,J,C,49,32,J_C,1,5
core-02550,Yasuo Zou,Yasuo,Zou,J,C,50,69,J_C,1,5
core-02551,Chiyoko Yang,Chiyoko,Yang,J,C,51,6,J_C,1,5
core-02552,Kazue Cheng,Kazue,Cheng,J,C,52,43,J_C,1,5
core-02553,Chieko Mao,Chieko,Mao,J,C,53,80,J_C,1,5
core-02554,Sumiko Yu,Sumiko,Yu,J,C,54,17,J_C,1,5
core-02555,Hiroyuki Yao,Hiroyuki,Yao,J,C,55,54,J_C,1,5
core-02556,Akiko Kong,Akiko,Kong,J,C,56,91,J_C,1,5
core-02557,Shigeo Shi,Shigeo,Shi,J,C,57,28,J_C,1,5
core-02558,Susumu Jia,Susumu,Jia,J,C,58,65,J_C,1,5
core-02559,Etsuko Li,Etsuko,Li,J,C,59,2,J_C,1,5
core-02560,Akio Xiao,Akio,Xiao,J,C,60,39,J_C,1,5
core-02561,Shigeko Lei,Shigeko,Lei,J,C,61,76,J_C,1,5
core-02562,Isamu Zhu,Isamu,Zhu,J,C,62,13,J_C,1,5
core-02563,Shizue Du,Shizue,Du,J,C,63,50,J_C,1,5
core-02564,Kenichi Qian,Kenichi,Qian,J,C,64,87,J_C,1,5
core-02565,Masaki Zheng,Masaki,Zheng,J,C,65,24,J_C,1,5
core-02566,Yaeko Dai,Yaeko,Dai,J,C,66,61,J_C,1,5
core-02567,Aiko Niu,Aiko,Niu,J,C,67,98,J_C,1,5
core-02568,Masahiro Cao,Masahiro,Cao,J,C,68,35,J_C,1,5
core-02569,Shinichi Ji,Shinichi,Ji,J,C,69,72,J_C,1,5
core-02570,Shoichi Xu,Shoichi,Xu,J,C,70,9,J_C,1,5
core-02571,Jitsu Dong,Jitsu,Dong,J,C,71,46,J_C,1,5
core-02572,Osamu Hao,Osamu,Hao,J,C,72,83,J_C,1,5
core-02573,Tomoko Jiang,Tomoko,Jiang,J,C,73,20,J_C,1,5
core-02574,Sadako Cui,Sadako,Cui,J,C,74,57,J_C,1,5
core-02575,Masayuki Chang,Masayuki,Chang,J,C,75,94,J_C,1,5
core-02576,Takeo Feng,Takeo,Feng,J,C,76,31,J_C,1,5
core-02577,Takao Hou,Takao,Hou,J,C,77,68,J_C,1,5
core-02578,Hideko Chen,Hideko,Chen,J,C,78,5,J_C,1,5
core-02579,Tsutomu Cai,Tsutomu,Cai,J,C,79,42,J_C,1,5
core-02580,Makoto Long,Makoto,Long,J,C,80,79,J_C,1,5
core-02581,Yoshiaki Ma,Yoshiaki,Ma,J,C,81,16,J_C,1,5
core-02582,Yuki Ding,Yuki,Ding,J,C,82,53,J_C,1,5
core-02583,Haruko Mo,Haruko,Mo,J,C,83,90,J_C,1,5
core-02584,Ayako Wei,Ayako,Wei,J,C,84,27,J_C,1,5
core-02585,Yuji Qiu,Yuji,Qiu,J,C,85,64,J_C,1,5
core-02586,Kimiko Wang,Kimiko,Wang,J,C,86,1,J_C,1,5
core-02587,Asahi Peng,Asahi,Peng,J,C,87,38,J_C,1,5
core-02588,Haruo Qi,Haruo,Qi,J,C,88,75,J_C,1,5
core-02589,Minoru Lu,Minoru,Lu,J,C,89,12,J_C,1,5
core-02590,Atsushi Su,Atsushi,Su,J,C,90,49,J_C,1,5
core-02591,Kachi Wan,Kachi,Wan,J,C,91,86,J_C,1,5
core-02592,Kiyo Gao,Kiyo,Gao,J,C,92,23,J_C,1,5
core-02593,Tetsuo Meng,Tetsuo,Meng,J,C,93,60,J_C,1,5
core-02594,Yoshihiro Yi,Yoshihiro,Yi,J,C,94,97,J_C,1,5
core-02595,Kunio Han,Kunio,Han,J,C,95,34,J_C,1,5
core-02596,Yutaka Qin,Yutaka,Qin,J,C,96,71,J_C,1,5
core-02597,Taeko Wu,Taeko,Wu,J,C,97,8,J_C,1,5
core-02598,Tatsuo Tian,Tatsuo,Tian,J,C,98,45,J_C,1,5
core-02599,Tadao Shao,Tadao,Shao,J,C,99,82,J_C,1,5
core-02600,Yukie Lin,Yukie,Lin,J,C,100,19,J_C,1,5
core-02601,Kenji Bai,Kenji,Bai,J,C,1,67,J_C,1,6
core-02602,Hiroshi Liu,Hiroshi,Liu,J,C,2,4,J_C,1,6
core-02603,Shigeru Pan,Shigeru,Pan,J,C,3,41,J_C,1,6
core-02604,Sachiko Xiang,Sachiko,Xiang,J,C,4,78,J_C,1,6
core-02605,Masako He,Masako,He,J,C,5,15,J_C,1,6
core-02606,Katsumi Jin,Katsumi,Jin,J,C,6,52,J_C,1,6
core-02607,Yoko Qu,Yoko,Qu,J,C,7,89,J_C,1,6
core-02608,Michiko Tang,Michiko,Tang,J,C,8,26,J_C,1,6
core-02609,Toshio Gu,Toshio,Gu,J,C,9,63,J_C,1,6
core-02610,Yoshiko Zhan,Yoshiko,Zhan,J,C,10,100,J_C,1,6
core-02611,Hiromi Ceng,Hiromi,Ceng,J,C,11,37,J_C,1,6
core-02612,Hiroko Xue,Hiroko,Xue,J,C,12,74,J_C,1,6
core-02613,Yoshio Zhou,Yoshio,Zhou,J,C,13,11,J_C,1,6
core-02614,Kazuo Ye,Kazuo,Ye,J,C,14,48,J_C,1,6
core-02615,Akira Guan,Akira,Guan,J,C,15,85,J_C,1,6
core-02616,Keiko Luo,Keiko,Luo,J,C,16,22,J_C,1,6
core-02617,Hisako Fang,Hisako,Fang,J,C,17,59,J_C,1,6
core-02618,Yoshimi Ge,Yoshimi,Ge,J,C,18,96,J_C,1,6
core-02619,Fumiko Deng,Fumiko,Deng,J,C,19,33,J_C,1,6
core-02620,Masao Xiong,Masao,Xiong,J,C,20,70,J_C,1,6
core-02621,Toshiko Huang,Toshiko,Huang,J,C,21,7,J_C,1,6
core-02622,Kiyoshi Fan,Kiyoshi,Fan,J,C,22,44,J_C,1,6
core-02623,Takashi Tao,Takashi,Tao,J,C,23,81,J_C,1,6
core-02624,Yukio Hu,Yukio,Hu,J,C,24,18,J_C,1,6
core-02625,Hideo Ren,Hideo,Ren,J,C,25,55,J_C,1,6
core-02626,Koshi Lan,Koshi,Lan,J,C,26,92,J_C,1,6
core-02627,Yasuko Xie,Yasuko,Xie,J,C,27,29,J_C,1,6
core-02628,Koichi Xia,Koichi,Xia,J,C,28,66,J_C,1,6
core-02629,Reiko Zhang,Reiko,Zhang,J,C,29,3,J_C,1,6
core-02630,Koji Yuan,Koji,Yuan,J,C,30,40,J_C,1,6
core-02631,Takeshi Duan,Takeshi,Duan,J,C,31,77,J_C,1,6
core-02632,Takako Sun,Takako,Sun,J,C,32,14,J_C,1,6
core-02633,Tadashi Zhong,Tadashi,Zhong,J,C,33,51,J_C,1,6
core-02634,Miyoko Hong,Miyoko,Hong,J,C,34,88,J_C,1,6
core-02635,Tomiko Liang,Tomiko,Liang,J,C,35,25,J_C,1,6
core-02636,Emiko Wen,Emiko,Wen,J,C,36,62,J_C,1,6
core-02637,Shizuko Xing,Shizuko,Xing,J,C,37,99,J_C,1,6
core-02638,Noriko Tan,Noriko,Tan,J,C,38,36,J_C,1,6
core-02639,Yuko Gong,Yuko,Gong,J,C,39,73,J_C,1,6
core-02640,Kiyoko Zhao,Kiyoko,Zhao,J,C,40,10,J_C,1,6
core-02641,Ko Fu,Ko,Fu,J,C,41,47,J_C,1,6
core-02642,Nobuko Lai,Nobuko,Lai,J,C,42,84,J_C,1,6
core-02643,Mieko Guo,Mieko,Guo,J,C,43,21,J_C,1,6
core-02644,Yoshie Liao,Yoshie,Liao,J,C,44,58,J_C,1,6
core-02645,Shoji Bao,Shoji,Bao,J,C,45,95,J_C,1,6
core-02646,Masami Yan,Masami,Yan,J,C,46,32,J_C,1,6
core-02647,Teruko Zou,Teruko,Zou,J,C,47,69,J_C,1,6
core-02648,Mitsuo Yang,Mitsuo,Yang,J,C,48,6,J_C,1,6
core-02649,Ryoko Cheng,Ryoko,Cheng,J,C,49,43,J_C,1,6
core-02650,Yasuo Mao,Yasuo,Mao,J,C,50,80,J_C,1,6
core-02651,Chiyoko Yu,Chiyoko,Yu,J,C,51,17,J_C,1,6
core-02652,Kazue Yao,Kazue,Yao,J,C,52,54,J_C,1,6
core-02653,Chieko Kong,Chieko,Kong,J,C,53,91,J_C,1,6
core-02654,Sumiko Shi,Sumiko,Shi,J,C,54,28,J_C,1,6
core-02655,Hiroyuki Jia,Hiroyuki,Jia,J,C,55,65,J_C,1,6
core-02656,Akiko Li,Akiko,Li,J,C,56,2,J_C,1,6
core-02657,Shigeo Xiao,Shigeo,Xiao,J,C,57,39,J_C,1,6
core-02658,Susumu Lei,Susumu,Lei,J,C,58,76,J_C,1,6
core-02659,Etsuko Zhu,Etsuko,Zhu,J,C,59,13,J_C,1,6
core-02660,Akio Du,Akio,Du,J,C,60,50,J_C,1,6
core-02661,Shigeko Qian,Shigeko,Qian,J,C,61,87,J_C,1,6
core-02662,Isamu Zheng,Isamu,Zheng,J,C,62,24,J_C,1,6
core-02663,Shizue Dai,Shizue,Dai,J,C,63,61,J_C,1,6
core-02664,Kenichi Niu,Kenichi,Niu,J,C,64,98,J_C,1,6
core-02665,Masaki Cao,Masaki,Cao,J,C,65,35,J_C,1,6
core-02666,Yaeko Ji,Yaeko,Ji,J,C,66,72,J_C,1,6
core-02667,Aiko Xu,Aiko,Xu,J,C,67,9,J_C,1,6
core-02668,Masahiro Dong,Masahiro,Dong,J,C,68,46,J_C,1,6
core-02669,Shinichi Hao,Shinichi,Hao,J,C,69,83,J_C,1,6
core-02670,Shoichi Jiang,Shoichi,Jiang,J,C,70,20,J_C,1,6
core-02671,Jitsu Cui,Jitsu,Cui,J,C,71,57,J_C,1,6
core-02672,Osamu Chang,Osamu,Chang,J,C,72,94,J_C,1,6
core-02673,Tomoko Feng,Tomoko,Feng,J,C,73,31,J_C,1,6
core-02674,Sadako Hou,Sadako,Hou,J,C,74,68,J_C,1,6
core-02675,Masayuki Chen,Masayuki,Chen,J,C,75,5,J_C,1,6
core-02676,Takeo Cai,Takeo,Cai,J,C,76,42,J_C,1,6
core-02677,Takao Long,Takao,Long,J,C,77,79,J_C,1,6
core-02678,Hideko Ma,Hideko,Ma,J,C,78,16,J_C,1,6
core-02679,Tsutomu Ding,Tsutomu,Ding,J,C,79,53,J_C,1,6
core-02680,Makoto Mo,Makoto,Mo,J,C,80,90,J_C,1,6
core-02681,Yoshiaki Wei,Yoshiaki,Wei,J,C,81,27,J_C,1,6
core-02682,Yuki Qiu,Yuki,Qiu,J,C,82,64,J_C,1,6
core-02683,Haruko Wang,Haruko,Wang,J,C,83,1,J_C,1,6
core-02684,Ayako Peng,Ayako,Peng,J,C,84,38,J_C,1,6
core-02685,Yuji Qi,Yuji,Qi,J,C,85,75,J_C,1,6
core-02686,Kimiko Lu,Kimiko,Lu,J,C,86,12,J_C,1,6
core-02687,Asahi Su,Asahi,Su,J,C,87,49,J_C,1,6
core-02688,Haruo Wan,Haruo,Wan,J,C,88,86,J_C,1,6
core-02689,Minoru Gao,Minoru,Gao,J,C,89,23,J_C,1,6
core-02690,Atsushi Meng,Atsushi,Meng,J,C,90,60,J_C,1,6
core-02691,Kachi Yi,Kachi,Yi,J,C,91,97,J_C,1,6
core-02692,Kiyo Han,Kiyo,Han,J,C,92,34,J_C,1,6
core-02693,Tetsuo Qin,Tetsuo,Qin,J,C,93,71,J_C,1,6
core-02694,Yoshihiro Wu,Yoshihiro,Wu,J,C,94,8,J_C,1,6
core-02695,Kunio Tian,Kunio,Tian,J,C,95,45,J_C,1,6
core-02696,Yutaka Shao,Yutaka,Shao,J,C,96,82,J_C,1,6
core-02697,Taeko Lin,Taeko,Lin,J,C,97,19,J_C,1,6
core-02698,Tatsuo Yin,Tatsuo,Yin,J,C,98,56,J_C,1,6
core-02699,Tadao Kang,Tadao,Kang,J,C,99,93,J_C,1,6
core-02700,Yukie Song,Yukie,Song,J,C,100,30,J_C,1,6
core-02701,Kenji Xiang,Kenji,Xiang,J,C,1,78,J_C,1,7
core-02702,Hiroshi He,Hiroshi,He,J,C,2,15,J_C,1,7
core-02703,Shigeru Jin,Shigeru,Jin,J,C,3,52,J_C,1,7
core-02704,Sachiko Qu,Sachiko,Qu,J,C,4,89,J_C,1,7
core-02705,Masako Tang,Masako,Tang,J,C,5,26,J_C,1,7
core-02706,Katsumi Gu,Katsumi,Gu,J,C,6,63,J_C,1,7
core-02707,Yoko Zhan,Yoko,Zhan,J,C,7,100,J_C,1,7
core-02708,Michiko Ceng,Michiko,Ceng,J,C,8,37,J_C,1,7
core-02709,Toshio Xue,Toshio,Xue,J,C,9,74,J_C,1,7
core-02710,Yoshiko Zhou,Yoshiko,Zhou,J,C,10,11,J_C,1,7
core-02711,Hiromi Ye,Hiromi,Ye,J,C,11,48,J_C,1,7
core-02712,Hiroko Guan,Hiroko,Guan,J,C,12,85,J_C,1,7
core-02713,Yoshio Luo,Yoshio,Luo,J,C,13,22,J_C,1,7
core-02714,Kazuo Fang,Kazuo,Fang,J,C,14,59,J_C,1,7
core-02715,Akira Ge,Akira,Ge,J,C,15,96,J_C,1,7
core-02716,Keiko Deng,Keiko,Deng,J,C,16,33,J_C,1,7
core-02717,Hisako Xiong,Hisako,Xiong,J,C,17,70,J_C,1,7
core-02718,Yoshimi Huang,Yoshimi,Huang,J,C,18,7,J_C,1,7
core-02719,Fumiko Fan,Fumiko,Fan,J,C,19,44,J_C,1,7
core-02720,Masao Tao,Masao,Tao,J,C,20,81,J_C,1,7
core-02721,Toshiko Hu,Toshiko,Hu,J,C,21,18,J_C,1,7
core-02722,Kiyoshi Ren,Kiyoshi,Ren,J,C,22,55,J_C,1,7
core-02723,Takashi Lan,Takashi,Lan,J,C,23,92,J_C,1,7
core-02724,Yukio Xie,Yukio,Xie,J,C,24,29,J_C,1,7
core-02725,Hideo Xia,Hideo,Xia,J,C,25,66,J_C,1,7
core-02726,Koshi Zhang,Koshi,Zhang,J,C,26,3,J_C,1,7
core-02727,Yasuko Yuan,Yasuko,Yuan,J,C,27,40,J_C,1,7
core-02728,Koichi Duan,Koichi,Duan,J,C,28,77,J_C,1,7
core-02729,Reiko Sun,Reiko,Sun,J,C,29,14,J_C,1,7
core-02730,Koji Zhong,Koji,Zhong,J,C,30,51,J_C,1,7
core-02731,Takeshi Hong,Takeshi,Hong,J,C,31,88,J_C,1,7
core-02732,Takako Liang,Takako,Liang,J,C,32,25,J_C,1,7
core-02733,Tadashi Wen,Tadashi,Wen,J,C,33,62,J_C,1,7
core-02734,Miyoko Xing,Miyoko,Xing,J,C,34,99,J_C,1,7
core-02735,Tomiko Tan,Tomiko,Tan,J,C,35,36,J_C,1,7
core-02736,Emiko Gong,Emiko,Gong,J,C,36,73,J_C,1,7
core-02737,Shizuko Zhao,Shizuko,Zhao,J,C,37,10,J_C,1,7
core-02738,Noriko Fu,Noriko,Fu,J,C,38,47,J_C,1,7
core-02739,Yuko Lai,Yuko,Lai,J,C,39,84,J_C,1,7
core-02740,Kiyoko Guo,Kiyoko,Guo,J,C,40,21,J_C,1,7
core-02741,Ko Liao,Ko,Liao,J,C,41,58,J_C,1,7
core-02742,Nobuko Bao,Nobuko,Bao,J,C,42,95,J_C,1,7
core-02743,Mieko Yan,Mieko,Yan,J,C,43,32,J_C,1,7
core-02744,Yoshie Zou,Yoshie,Zou,J,C,44,69,J_C,1,7
core-02745,Shoji Yang,Shoji,Yang,J,C,45,6,J_C,1,7
core-02746,Masami Cheng,Masami,Cheng,J,C,46,43,J_C,1,7
core-02747,Teruko Mao,Teruko,Mao,J,C,47,80,J_C,1,7
core-02748,Mitsuo Yu,Mitsuo,Yu,J,C,48,17,J_C,1,7
core-02749,Ryoko Yao,Ryoko,Yao,J,C,49,54,J_C,1,7
core-02750,Yasuo Kong,Yasuo,Kong,J,C,50,91,J_C,1,7
core-02751,Chiyoko Shi,Chiyoko,Shi,J,C,51,28,J_C,1,7
core-02752,Kazue Jia,Kazue,Jia,J,C,52,65,J_C,1,7
core-02753,Chieko Li,Chieko,Li,J,C,53,2,J_C,1,7
core-02754,Sumiko Xiao,Sumiko,Xiao,J,C,54,39,J_C,1,7
core-02755,Hiroyuki Lei,Hiroyuki,Lei,J,C,55,76,J_C,1,7
core-02756,Akiko Zhu,Akiko,Zhu,J,C,56,13,J_C,1,7
core-02757,Shigeo Du,Shigeo,Du,J,C,57,50,J_C,1,7
core-02758,Susumu Qian,Susumu,Qian,J,C,58,87,J_C,1,7
core-02759,Etsuko Zheng,Etsuko,Zheng,J,C,59,24,J_C,1,7
core-02760,Akio Dai,Akio,Dai,J,C,60,61,J_C,1,7
core-02761,Shigeko Niu,Shigeko,Niu,J,C,61,98,J_C,1,7
core-02762,Isamu Cao,Isamu,Cao,J,C,62,35,J_C,1,7
core-02763,Shizue Ji,Shizue,Ji,J,C,63,72,J_C,1,7
core-02764,Kenichi Xu,Kenichi,Xu,J,C,64,9,J_C,1,7
core-02765,Masaki Dong,Masaki,Dong,J,C,65,46,J_C,1,7
core-02766,Yaeko Hao,Yaeko,Hao,J,C,66,83,J_C,1,7
core-02767,Aiko Jiang,Aiko,Jiang,J,C,67,20,J_C,1,7
core-02768,Masahiro Cui,Masahiro,Cui,J,C,68,57,J_C,1,7
core-02769,Shinichi Chang,Shinichi,Chang,J,C,69,94,J_C,1,7
core-02770,Shoichi Feng,Shoichi,Feng,J,C,70,31,J_C,1,7
core-02771,Jitsu Hou,Jitsu,Hou,J,C,71,68,J_C,1,7
core-02772,Osamu Chen,Osamu,Chen,J,C,72,5,J_C,1,7
core-02773,Tomoko Cai,Tomoko,Cai,J,C,73,42,J_C,1,7
core-02774,Sadako Long,Sadako,Long,J,C,74,79,J_C,1,7
core-02775,Masayuki Ma,Masayuki,Ma,J,C,75,16,J_C,1,7
core-02776,Takeo Ding,Takeo,Ding,J,C,76,53,J_C,1,7
core-02777,Takao Mo,Takao,Mo,J,C,77,90,J_C,1,7
core-02778,Hideko Wei,Hideko,Wei,J,C,78,27,J_C,1,7
core-02779,Tsutomu Qiu,Tsutomu,Qiu,J,C,79,64,J_C,1,7
core-02780,Makoto Wang,Makoto,Wang,J,C,80,1,J_C,1,7
core-02781,Yoshiaki Peng,Yoshiaki,Peng,J,C,81,38,J_C,1,7
core-02782,Yuki Qi,Yuki,Qi,J,C,82,75,J_C,1,7
core-02783,Haruko Lu,Haruko,Lu,J,C,83,12,J_C,1,7
core-02784,Ayako Su,Ayako,Su,J,C,84,49,J_C,1,7
core-02785,Yuji Wan,Yuji,Wan,J,C,85,86,J_C,1,7
core-02786,Kimiko Gao,Kimiko,Gao,J,C,86,23,J_C,1,7
core-02787,Asahi Meng,Asahi,Meng,J,C,87,60,J_C,1,7
core-02788,Haruo Yi,Haruo,Yi,J,C,88,97,J_C,1,7
core-02789,Minoru Han,Minoru,Han,J,C,89,34,J_C,1,7
core-02790,Atsushi Qin,Atsushi,Qin,J,C,90,71,J_C,1,7
core-02791,Kachi Wu,Kachi,Wu,J,C,91,8,J_C,1,7
core-02792,Kiyo Tian,Kiyo,Tian,J,C,92,45,J_C,1,7
core-02793,Tetsuo Shao,Tetsuo,Shao,J,C,93,82,J_C,1,7
core-02794,Yoshihiro Lin,Yoshihiro,Lin,J,C,94,19,J_C,1,7
core-02795,Kunio Yin,Kunio,Yin,J,C,95,56,J_C,1,7
core-02796,Yutaka Kang,Yutaka,Kang,J,C,96,93,J_C,1,7
core-02797,Taeko Song,Taeko,Song,J,C,97,30,J_C,1,7
core-02798,Tatsuo Bai,Tatsuo,Bai,J,C,98,67,J_C,1,7
core-02799,Tadao Liu,Tadao,Liu,J,C,99,4,J_C,1,7
core-02800,Yukie Pan,Yukie,Pan,J,C,100,41,J_C,1,7
core-02801,Kenji Qu,Kenji,Qu,J,C,1,89,J_C,1,8
core-02802,Hiroshi Tang,Hiroshi,Tang,J,C,2,26,J_C,1,8
core-02803,Shigeru Gu,Shigeru,Gu,J,C,3,63,J_C,1,8
core-02804,Sachiko Zhan,Sachiko,Zhan,J,C,4,100,J_C,1,8
core-02805,Masako Ceng,Masako,Ceng,J,C,5,37,J_C,1,8
core-02806,Katsumi Xue,Katsumi,Xue,J,C,6,74,J_C,1,8
core-02807,Yoko Zhou,Yoko,Zhou,J,C,7,11,J_C,1,8
core-02808,Michiko Ye,Michiko,Ye,J,C,8,48,J_C,1,8
core-02809,Toshio Guan,Toshio,Guan,J,C,9,85,J_C,1,8
core-02810,Yoshiko Luo,Yoshiko,Luo,J,C,10,22,J_C,1,8
core-02811,Hiromi Fang,Hiromi,Fang,J,C,11,59,J_C,1,8
core-02812,Hiroko Ge,Hiroko,Ge,J,C,12,96,J_C,1,8
core-02813,Yoshio Deng,Yoshio,Deng,J,C,13,33,J_C,1,8
core-02814,Kazuo Xiong,Kazuo,Xiong,J,C,14,70,J_C,1,8
core-02815,Akira Huang,Akira,Huang,J,C,15,7,J_C,1,8
core-02816,Keiko Fan,Keiko,Fan,J,C,16,44,J_C,1,8
core-02817,Hisako Tao,Hisako,Tao,J,C,17,81,J_C,1,8
core-02818,Yoshimi Hu,Yoshimi,Hu,J,C,18,18,J_C,1,8
core-02819,Fumiko Ren,Fumiko,Ren,J,C,19,55,J_C,1,8
core-02820,Masao Lan,Masao,Lan,J,C,20,92,J_C,1,8
core-02821,Toshiko Xie,Toshiko,Xie,J,C,21,29,J_C,1,8
core-02822,Kiyoshi Xia,Kiyoshi,Xia,J,C,22,66,J_C,1,8
core-02823,Takashi Zhang,Takashi,Zhang,J,C,23,3,J_C,1,8
core-02824,Yukio Yuan,Yukio,Yuan,J,C,24,40,J_C,1,8
core-02825,Hideo Duan,Hideo,Duan,J,C,25,77,J_C,1,8
core-02826,Koshi Sun,Koshi,Sun,J,C,26,14,J_C,1,8
core-02827,Yasuko Zhong,Yasuko,Zhong,J,C,27,51,J_C,1,8
core-02828,Koichi Hong,Koichi,Hong,J,C,28,88,J_C,1,8
core-02829,Reiko Liang,Reiko,Liang,J,C,29,25,J_C,1,8
core-02830,Koji Wen,Koji,Wen,J,C,30,62,J_C,1,8
core-02831,Takeshi Xing,Takeshi,Xing,J,C,31,99,J_C,1,8
core-02832,Takako Tan,Takako,Tan,J,C,32,36,J_C,1,8
core-02833,Tadashi Gong,Tadashi,Gong,J,C,33,73,J_C,1,8
core-02834,Miyoko Zhao,Miyoko,Zhao,J,C,34,10,J_C,1,8
core-02835,Tomiko Fu,Tomiko,Fu,J,C,35,47,J_C,1,8
core-02836,Emiko Lai,Emiko,Lai,J,C,36,84,J_C,1,8
core-02837,Shizuko Guo,Shizuko,Guo,J,C,37,21,J_C,1,8
core-02838,Noriko Liao,Noriko,Liao,J,C,38,58,J_C,1,8
core-02839,Yuko Bao,Yuko,Bao,J,C,39,95,J_C,1,8
core-02840,Kiyoko Yan,Kiyoko,Yan,J,C,40,32,J_C,1,8
core-02841,Ko Zou,Ko,Zou,J,C,41,69,J_C,1,8
core-02842,Nobuko Yang,Nobuko,Yang,J,C,42,6,J_C,1,8
core-02843,Mieko Cheng,Mieko,Cheng,J,C,43,43,J_C,1,8
core-02844,Yoshie Mao,Yoshie,Mao,J,C,44,80,J_C,1,8
core-02845,Shoji Yu,Shoji,Yu,J,C,45,17,J_C,1,8
core-02846,Masami Yao,Masami,Yao,J,C,46,54,J_C,1,8
core-02847,Teruko Kong,Teruko,Kong,J,C,47,91,J_C,1,8
core-02848,Mitsuo Shi,Mitsuo,Shi,J,C,48,28,J_C,1,8
core-02849,Ryoko Jia,Ryoko,Jia,J,C,49,65,J_C,1,8
core-02850,Yasuo Li,Yasuo,Li,J,C,50,2,J_C,1,8
core-02851,Chiyoko Xiao,Chiyoko,Xiao,J,C,51,39,J_C,1,8
core-02852,Kazue Lei,Kazue,Lei,J,C,52,76,J_C,1,8
core-02853,Chieko Zhu,Chieko,Zhu,J,C,53,13,J_C,1,8
core-02854,Sumiko Du,Sumiko,Du,J,C,54,50,J_C,1,8
core-02855,Hiroyuki Qian,Hiroyuki,Qian,J,C,55,87,J_C,1,8
core-02856,Akiko Zheng,Akiko,Zheng,J,C,56,24,J_C,1,8
core-02857,Shigeo Dai,Shigeo,Dai,J,C,57,61,J_C,1,8
core-02858,Susumu Niu,Susumu,Niu,J,C,58,98,J_C,1,8
core-02859,Etsuko Cao,Etsuko,Cao,J,C,59,35,J_C,1,8
core-02860,Akio Ji,Akio,Ji,J,C,60,72,J_C,1,8
core-02861,Shigeko Xu,Shigeko,Xu,J,C,61,9,J_C,1,8
core-02862,Isamu Dong,Isamu,Dong,J,C,62,46,J_C,1,8
core-02863,Shizue Hao,Shizue,Hao,J,C,63,83,J_C,1,8
core-02864,Kenichi Jiang,Kenichi,Jiang,J,C,64,20,J_C,1,8
core-02865,Masaki Cui,Masaki,Cui,J,C,65,57,J_C,1,8
core-02866,Yaeko Chang,Yaeko,Chang,J,C,66,94,J_C,1,8
core-02867,Aiko Feng,Aiko,Feng,J,C,67,31,J_C,1,8
core-02868,Masahiro Hou,Masahiro,Hou,J,C,68,68,J_C,1,8
core-02869,Shinichi Chen,Shinichi,Chen,J,C,69,5,J_C,1,8
core-02870,Shoichi Cai,Shoichi,Cai,J,C,70,42,J_C,1,8
core-02871,Jitsu Long,Jitsu,Long,J,C,71,79,J_C,1,8
core-02872,Osamu Ma,Osamu,Ma,J,C,72,16,J_C,1,8
core-02873,Tomoko Ding,Tomoko,Ding,J,C,73,53,J_C,1,8
core-02874,Sadako Mo,Sadako,Mo,J,C,74,90,J_C,1,8
core-02875,Masayuki Wei,Masayuki,Wei,J,C,75,27,J_C,1,8
core-02876,Takeo Qiu,Takeo,Qiu,J,C,76,64,J_C,1,8
core-02877,Takao Wang,Takao,Wang,J,C,77,1,J_C,1,8
core-02878,Hideko Peng,Hideko,Peng,J,C,78,38,J_C,1,8
core-02879,Tsutomu Qi,Tsutomu,Qi,J,C,79,75,J_C,1,8
core-02880,Makoto Lu,Makoto,Lu,J,C,80,12,J_C,1,8
core-02881,Yoshiaki Su,Yoshiaki,Su,J,C,81,49,J_C,1,8
core-02882,Yuki Wan,Yuki,Wan,J,C,82,86,J_C,1,8
core-02883,Haruko Gao,Haruko,Gao,J,C,83,23,J_C,1,8
core-02884,Ayako Meng,Ayako,Meng,J,C,84,60,J_C,1,8
core-02885,Yuji Yi,Yuji,Yi,J,C,85,97,J_C,1,8
core-02886,Kimiko Han,Kimiko,Han,J,C,86,34,J_C,1,8
core-02887,Asahi Qin,Asahi,Qin,J,C,87,71,J_C,1,8
core-02888,Haruo Wu,Haruo,Wu,J,C,88,8,J_C,1,8
core-02889,Minoru Tian,Minoru,Tian,J,C,89,45,J_C,1,8
core-02890,Atsushi Shao,Atsushi,Shao,J,C,90,82,J_C,1,8
core-02891,Kachi Lin,Kachi,Lin,J,C,91,19,J_C,1,8
core-02892,Kiyo Yin,Kiyo,Yin,J,C,92,56,J_C,1,8
core-02893,Tetsuo Kang,Tetsuo,Kang,J,C,93,93,J_C,1,8
core-02894,Yoshihiro Song,Yoshihiro,Song,J,C,94,30,J_C,1,8
core-02895,Kunio Bai,Kunio,Bai,J,C,95,67,J_C,1,8
core-02896,Yutaka Liu,Yutaka,Liu,J,C,96,4,J_C,1,8
core-02897,Taeko Pan,Taeko,Pan,J,C,97,41,J_C,1,8
core-02898,Tatsuo Xiang,Tatsuo,Xiang,J,C,98,78,J_C,1,8
core-02899,Tadao He,Tadao,He,J,C,99,15,J_C,1,8
core-02900,Yukie Jin,Yukie,Jin,J,C,100,52,J_C,1,8
core-02901,Kenji Zhan,Kenji,Zhan,J,C,1,100,J_C,1,9
core-02902,Hiroshi Ceng,Hiroshi,Ceng,J,C,2,37,J_C,1,9
core-02903,Shigeru Xue,Shigeru,Xue,J,C,3,74,J_C,1,9
core-02904,Sachiko Zhou,Sachiko,Zhou,J,C,4,11,J_C,1,9
core-02905,Masako Ye,Masako,Ye,J,C,5,48,J_C,1,9
core-02906,Katsumi Guan,Katsumi,Guan,J,C,6,85,J_C,1,9
core-02907,Yoko Luo,Yoko,Luo,J,C,7,22,J_C,1,9
core-02908,Michiko Fang,Michiko,Fang,J,C,8,59,J_C,1,9
core-02909,Toshio Ge,Toshio,Ge,J,C,9,96,J_C,1,9
core-02910,Yoshiko Deng,Yoshiko,Deng,J,C,10,33,J_C,1,9
core-02911,Hiromi Xiong,Hiromi,Xiong,J,C,11,70,J_C,1,9
core-02912,Hiroko Huang,Hiroko,Huang,J,C,12,7,J_C,1,9
core-02913,Yoshio Fan,Yoshio,Fan,J,C,13,44,J_C,1,9
core-02914,Kazuo Tao,Kazuo,Tao,J,C,14,81,J_C,1,9
core-02915,Akira Hu,Akira,Hu,J,C,15,18,J_C,1,9
core-02916,Keiko Ren,Keiko,Ren,J,C,16,55,J_C,1,9
core-02917,Hisako Lan,Hisako,Lan,J,C,17,92,J_C,1,9
core-02918,Yoshimi Xie,Yoshimi,Xie,J,C,18,29,J_C,1,9
core-02919,Fumiko Xia,Fumiko,Xia,J,C,19,66,J_C,1,9
core-02920,Masao Zhang,Masao,Zhang,J,C,20,3,J_C,1,9
core-02921,Toshiko Yuan,Toshiko,Yuan,J,C,21,40,J_C,1,9
core-02922,Kiyoshi Duan,Kiyoshi,Duan,J,C,22,77,J_C,1,9
core-02923,Takashi Sun,Takashi,Sun,J,C,23,14,J_C,1,9
core-02924,Yukio Zhong,Yukio,Zhong,J,C,24,51,J_C,1,9
core-02925,Hideo Hong,Hideo,Hong,J,C,25,88,J_C,1,9
core-02926,Koshi Liang,Koshi,Liang,J,C,26,25,J_C,1,9
core-02927,Yasuko Wen,Yasuko,Wen,J,C,27,62,J_C,1,9
core-02928,Koichi Xing,Koichi,Xing,J,C,28,99,J_C,1,9
core-02929,Reiko Tan,Reiko,Tan,J,C,29,36,J_C,1,9
core-02930,Koji Gong,Koji,Gong,J,C,30,73,J_C,1,9
core-02931,Takeshi Zhao,Takeshi,Zhao,J,C,31,10,J_C,1,9
core-02932,Takako Fu,Takako,Fu,J,C,32,47,J_C,1,9
core-02933,Tadashi Lai,Tadashi,Lai,J,C,33,84,J_C,1,9
core-02934,Miyoko Guo,Miyoko,Guo,J,C,34,21,J_C,1,9
core-02935,Tomiko Liao,Tomiko,Liao,J,C,35,58,J_C,1,9
core-02936,Emiko Bao,Emiko,Bao,J,C,36,95,J_C,1,9
core-02937,Shizuko Yan,Shizuko,Yan,J,C,37,32,J_C,1,9
core-02938,Noriko Zou,Noriko,Zou,J,C,38,69,J_C,1,9
core-02939,Yuko Yang,Yuko,Yang,J,C,39,6,J_C,1,9
core-02940,Kiyoko Cheng,Kiyoko,Cheng,J,C,40,43,J_C,1,9
core-02941,Ko Mao,Ko,Mao,J,C,41,80,J_C,1,9
core-02942,Nobuko Yu,Nobuko,Yu,J,C,42,17,J_C,1,9
core-02943,Mieko Yao,Mieko,Yao,J,C,43,54,J_C,1,9
core-02944,Yoshie Kong,Yoshie,Kong,J,C,44,91,J_C,1,9
core-02945,Shoji Shi,Shoji,Shi,J,C,45,28,J_C,1,9
core-02946,Masami Jia,Masami,Jia,J,C,46,65,J_C,1,9
core-02947,Teruko Li,Teruko,Li,J,C,47,2,J_C,1,9
core-02948,Mitsuo Xiao,Mitsuo,Xiao,J,C,48,39,J_C,1,9
core-02949,Ryoko Lei,Ryoko,Lei,J,C,49,76,J_C,1,9
core-02950,Yasuo Zhu,Yasuo,Zhu,J,C,50,13,J_C,1,9
core-02951,Chiyoko Du,Chiyoko,Du,J,C,51,50,J_C,1,9
core-02952,Kazue Qian,Kazue,Qian,J,C,52,87,J_C,1,9
core-02953,Chieko Zheng,Chieko,Zheng,J,C,53,24,J_C,1,9
core-02954,Sumiko Dai,Sumiko,Dai,J,C,54,61,J_C,1,9
core-02955,Hiroyuki Niu,Hiroyuki,Niu,J,C,55,98,J_C,1,9
core-02956,Akiko Cao,Akiko,Cao,J,C,56,35,J_C,1,9
core-02957,Shigeo Ji,Shigeo,Ji,J,C,57,72,J_C,1,9
core-02958,Susumu Xu,Susumu,Xu,J,C,58,9,J_C,1,9
core-02959,Etsuko Dong,Etsuko,Dong,J,C,59,46,J_C,1,9
core-02960,Akio Hao,Akio,Hao,J,C,60,83,J_C,1,9
core-02961,Shigeko Jiang,Shigeko,Jiang,J,C,61,20,J_C,1,9
core-02962,Isamu Cui,Isamu,Cui,J,C,62,57,J_C,1,9
core-02963,Shizue Chang,Shizue,Chang,J,C,63,94,J_C,1,9
core-02964,Kenichi Feng,Kenichi,Feng,J,C,64,31,J_C,1,9
core-02965,Masaki Hou,Masaki,Hou,J,C,65,68,J_C,1,9
core-02966,Yaeko Chen,Yaeko,Chen,J,C,66,5,J_C,1,9
core-02967,Aiko Cai,Aiko,Cai,J,C,67,42,J_C,1,9
core-02968,Masahiro Long,Masahiro,Long,J,C,68,79,J_C,1,9
core-02969,Shinichi Ma,Shinichi,Ma,J,C,69,16,J_C,1,9
core-02970,Shoichi Ding,Shoichi,Ding,J,C,70,53,J_C,1,9
core-02971,Jitsu Mo,Jitsu,Mo,J,C,71,90,J_C,1,9
core-02972,Osamu Wei,Osamu,Wei,J,C,72,27,J_C,1,9
core-02973,Tomoko Qiu,Tomoko,Qiu,J,C,73,64,J_C,1,9
core-02974,Sadako Wang,Sadako,Wang,J,C,74,1,J_C,1,9
core-02975,Masayuki Peng,Masayuki,Peng,J,C,75,38,J_C,1,9
core-02976,Takeo Qi,Takeo,Qi,J,C,76,75,J_C,1,9
core-02977,Takao Lu,Takao,Lu,J,C,77,12,J_C,1,9
core-02978,Hideko Su,Hideko,Su,J,C,78,49,J_C,1,9
core-02979,Tsutomu Wan,Tsutomu,Wan,J,C,79,86,J_C,1,9
core-02980,Makoto Gao,Makoto,Gao,J,C,80,23,J_C,1,9
core-02981,Yoshiaki Meng,Yoshiaki,Meng,J,C,81,60,J_C,1,9
core-02982,Yuki Yi,Yuki,Yi,J,C,82,97,J_C,1,9
core-02983,Haruko Han,Haruko,Han,J,C,83,34,J_C,1,9
core-02984,Ayako Qin,Ayako,Qin,J,C,84,71,J_C,1,9
core-02985,Yuji Wu,Yuji,Wu,J,C,85,8,J_C,1,9
core-02986,Kimiko Tian,Kimiko,Tian,J,C,86,45,J_C,1,9
core-02987,Asahi Shao,Asahi,Shao,J,C,87,82,J_C,1,9
core-02988,Haruo Lin,Haruo,Lin,J,C,88,19,J_C,1,9
core-02989,Minoru Yin,Minoru,Yin,J,C,89,56,J_C,1,9
core-02990,Atsushi Kang,Atsushi,Kang,J,C,90,93,J_C,1,9
core-02991,Kachi Song,Kachi,Song,J,C,91,30,J_C,1,9
core-02992,Kiyo Bai,Kiyo,Bai,J,C,92,67,J_C,1,9
core-02993,Tetsuo Liu,Tetsuo,Liu,J,C,93,4,J_C,1,9
core-02994,Yoshihiro Pan,Yoshihiro,Pan,J,C,94,41,J_C,1,9
core-02995,Kunio Xiang,Kunio,Xiang,J,C,95,78,J_C,1,9
core-02996,Yutaka He,Yutaka,He,J,C,96,15,J_C,1,9
core-02997,Taeko Jin,Taeko,Jin,J,C,97,52,J_C,1,9
core-02998,Tatsuo Qu,Tatsuo,Qu,J,C,98,89,J_C,1,9
core-02999,Tadao Tang,Tadao,Tang,J,C,99,26,J_C,1,9
core-03000,Yukie Gu,Yukie,Gu,J,C,100,63,J_C,1,9
core-03001,Kenji Sato,Kenji,Sato,J,J,1,1,J_J,0,0
core-03002,Hiroshi Kondo,Hiroshi,Kondo,J,J,2,38,J_J,0,0
core-03003,Shigeru Takagi,Shigeru,Takagi,J,J,3,75,J_J,0,0
core-03004,Sachiko Yoshida,Sachiko,Yoshida,J,J,4,12,J_J,0,0
core-03005,Masako Fujii,Masako,Fujii,J,J,5,49,J_J,0,0
core-03006,Katsumi Murata,Katsumi,Murata,J,J,6,86,J_J,0,0
core-03007,Yoko Mori,Yoko,Mori,J,J,7,23,J_J,0,0
core-03008,Michiko Morita,Michiko,Morita,J,J,8,60,J_J,0,0
core-03009,Toshio Sugawara,Toshio,Sugawara,J,J,9,97,J_J,0,0
core-03010,Yoshiko Maeda,Yoshiko,Maeda,J,J,10,34,J_J,0,0
core-03011,Hiromi Yokoyama,Hiromi,Yokoyama,J,J,11,71,J_J,0,0
core-03012,Hiroko Nakamura,Hiroko,Nakamura,J,J,12,8,J_J,0,0
core-03013,Yoshio Endo,Yoshio,Endo,J,J,13,45,J_J,0,0
core-03014,Kazuo Sugiyama,Kazuo,Sugiyama,J,J,14,82,J_J,0,0
core-03015,Akira Shimizu,Akira,Shimizu,J,J,15,19,J_J,0,0
core-03016,Keiko Miura,Keiko,Miura,J,J,16,56,J_J,0,0
core-03017,Hisako Sakurai,Hisako,Sakurai,J,J,17,93,J_J,0,0
core-03018,Yoshimi Ogawa,Yoshimi,Ogawa,J,J,18,30,J_J,0,0
core-03019,Fumiko Hara,Fumiko,Hara,J,J,19,67,J_J,0,0
core-03020,Masao Watanabe,Masao,Watanabe,J,J,20,4,J_J,0,0
core-03021,Toshiko Ota,Toshiko,Ota,J,J,21,41,J_J,0,0
core-03022,Kiyoshi Ueno,Kiyoshi,Ueno,J,J,22,78,J_J,0,0
core-03023,Takashi Matsumoto,Takashi,Matsumoto,J,J,23,15,J_J,0,0
core-03024,Yukio Nishimura,Yukio,Nishimura,J,J,24,52,J_J,0,0
core-03025,Hideo Otsuka,Hideo,Otsuka,J,J,25,89,J_J,0,0
core-03026,Koshi Ikeda,Koshi,Ikeda,J,J,26,26,J_J,0,0
core-03027,Yasuko Ishida,Yasuko,Ishida,J,J,27,63,J_J,0,0
core-03028,Koichi Nomura,Koichi,Nomura,J,J,28,100,J_J,0,0
core-03029,Reiko Fujita,Reiko,Fujita,J,J,29,37,J_J,0,0
core-03030,Koji Koyama,Koji,Koyama,J,J,30,74,J_J,0,0
core-03031,Takeshi Kato,Takeshi,Kato,J,J,31,11,J_J,0,0
core-03032,Takako Nakano,Takako,Nakano,J,J,32,48,J_J,0,0
core-03033,Tadashi Kono,Tadashi,Kono,J,J,33,85,J_J,0,0
core-03034,Miyoko Ono,Miyoko,Ono,J,J,34,22,J_J,0,0
core-03035,Tomiko Kojima,Tomiko,Kojima,J,J,35,59,J_J,0,0
core-03036,Emiko Kubo,Emiko,Kubo,J,J,36,96,J_J,0,0
core-03037,Shizuko Goto,Shizuko,Goto,J,J,37,33,J_J,0,0
core-03038,Noriko Shimada,Noriko,Shimada,J,J,38,70,J_J,0,0
core-03039,Yuko Yamamoto,Yuko,Yamamoto,J,J,39,7,J_J,0,0
core-03040,Kiyoko Arai,Kiyoko,Arai,J,J,40,44,J_J,0,0
core-03041,Ko Kudo,Ko,Kudo,J,J,41,81,J_J,0,0
core-03042,Nobuko Kimura,Nobuko,Kimura,J,J,42,18,J_J,0,0
core-03043,Mieko Fujiwara,Mieko,Fujiwara,J,J,43,55,J_J,0,0
core-03044,Yoshie Matsui,Yoshie,Matsui,J,J,44,92,J_J,0,0
core-03045,Shoji Yamashita,Shoji,Yamashita,J,J,45,29,J_J,0,0
core-03046,Masami Masuda,Masami,Masuda,J,J,46,66,J_J,0,0
core-03047,Teruko Tanaka,Teruko,Tanaka,J,J,47,3,J_J,0,0
core-03048,Mitsuo Murakami,Mitsuo,Murakami,J,J,48,40,J_J,0,0
core-03049,Ryoko Taniguchi,Ryoko,Taniguchi,J,J,49,77,J_J,0,0
core-03050,Yasuo Sasaki,Yasuo,Sasaki,J,J,50,14,J_J,0,0
core-03051,Chiyoko Kaneko,Chiyoko,Kaneko,J,J,51,51,J_J,0,0
core-03052,Kazue Hirano,Kazue,Hirano,J,J,52,88,J_J,0,0
core-03053,Chieko Hashimoto,Chieko,Hashimoto,J,J,53,25,J_J,0,0
core-03054,Sumiko Nakayama,Sumiko,Nakayama,J,J,54,62,J_J,0,0
core-03055,Hiroyuki Takada,Hiroyuki,Takada,J,J,55,99,J_J,0,0
core-03056,Akiko Hasegawa,Akiko,Hasegawa,J,J,56,36,J_J,0,0
core-03057,Shigeo Honda,Shigeo,Honda,J,J,57,73,J_J,0,0
core-03058,Susumu Saito,Susumu,Saito,J,J,58,10,J_J,0,0
core-03059,Etsuko Takeuchi,Etsuko,Takeuchi,J,J,59,47,J_J,0,0
core-03060,Akio Kawamura,Akio,Kawamura,J,J,60,84,J_J,0,0
core-03061,Shigeko Abe,Shigeko,Abe,J,J,61,21,J_J,0,0
core-03062,Isamu Matsuda,Isamu,Matsuda,J,J,62,58,J_J,0,0
core-03063,Shizue Ida,Shizue,Ida,J,J,63,95,J_J,0,0
core-03064,Kenichi Sakamoto,Kenichi,Sakamoto,J,J,64,32,J_J,0,0
core-03065,Masaki Uchida,Masaki,Uchida,J,J,65,69,J_J,0,0
core-03066,Yaeko Ito,Yaeko,Ito,J,J,66,6,J_J,0,0
core-03067,Aiko Ueda,Aiko,Ueda,J,J,67,43,J_J,0,0
core-03068,Masahiro Maruyama,Masahiro,Maruyama,J,J,68,80,J_J,0,0
core-03069,Shinichi Inoue,Shinichi,Inoue,J,J,69,17,J_J,0,0
core-03070,Shoichi Nakagawa,Shoichi,Nakagawa,J,J,70,54,J_J,0,0
core-03071,Jitsu Takeda,Jitsu,Takeda,J,J,71,91,J_J,0,0
core-03072,Osamu Ishikawa,Osamu,Ishikawa,J,J,72,28,J_J,0,0
core-03073,Tomoko Shibata,Tomoko,Shibata,J,J,73,65,J_J,0,0
core-03074,Sadako Suzuki,Sadako,Suzuki,J,J,74,2,J_J,0,0
core-03075,Masayuki Sakai,Masayuki,Sakai,J,J,75,39,J_J,0,0
core-03076,Takeo Miyazaki,Takeo,Miyazaki,J,J,76,76,J_J,0,0
core-03077,Takao Yamada,Takao,Yamada,J,J,77,13,J_J,0,0
core-03078,Hideko Fukuda,Hideko,Fukuda,J,J,78,50,J_J,0,0
core-03079,Tsutomu Kubota,Tsutomu,Kubota,J,J,79,87,J_J,0,0
core-03080,Makoto Nakajima,Makoto,Nakajima,J,J,80,24,J_J,0,0
core-03081,Yoshiaki Tamura,Yoshiaki,Tamura,J,J,81,61,J_J,0,0
core-03082,Yuki Kinoshita,Yuki,Kinoshita,J,J,82,98,J_J,0,0
core-03083,Haruko Okada,Haruko,Okada,J,J,83,35,J_J,0,0
core-03084,Ayako Miyamoto,Ayako,Miyamoto,J,J,84,72,J_J,0,0
core-03085,Yuji Kobayashi,Yuji,Kobayashi,J,J,85,9,J_J,0,0
core-03086,Kimiko Aoki,Kimiko,Aoki,J,J,86,46,J_J,0,0
core-03087,Asahi Fujimoto,Asahi,Fujimoto,J,J,87,83,J_J,0,0
core-03088,Haruo Hayashi,Haruo,Hayashi,J,J,88,20,J_J,0,0
core-03089,Minoru Harada,Minoru,Harada,J,J,89,57,J_J,0,0
core-03090,Atsushi Chiba,Atsushi,Chiba,J,J,90,94,J_J,0,0
core-03091,Kachi Ishii,Kachi,Ishii,J,J,91,31,J_J,0,0
core-03092,Kiyo Ando,Kiyo,Ando,J,J,92,68,J_J,0,0
core-03093,Tetsuo Takahashi,Tetsuo,Takahashi,J,J,93,5,J_J,0,0
core-03094,Yoshihiro Kikuchi,Yoshihiro,Kikuchi,J,J,94,42,J_J,0,0
core-03095,Kunio Imai,Kunio,Imai,J,J,95,79,J_J,0,0
core-03096,Yutaka Yamaguchi,Yutaka,Yamaguchi,J,J,96,16,J_J,0,0
core-03097,Taeko Okamoto,Taeko,Okamoto,J,J,97,53,J_J,0,0
core-03098,Tatsuo Noguchi,Tatsuo,Noguchi,J,J,98,90,J_J,0,0
core-03099,Tadao Yamazaki,Tadao,Yamazaki,J,J,99,27,J_J,0,0
core-03100,Yukie Wada,Yukie,Wada,J,J,100,64,J_J,0,0
core-03101,Kenji Yoshida,Kenji,Yoshida,J,J,1,12,J_J,0,1
core-03102,Hiroshi Fujii,Hiroshi,Fujii,J,J,2,49,J_J,0,1
core-03103,Shigeru Murata,Shigeru,Murata,J,J,3,86,J_J,0,1
core-03104,Sachiko Mori,Sachiko,Mori,J,J,4,23,J_J,0,1
core-03105,Masako Morita,Masako,Morita,J,J,5,60,J_J,0,1
core-03106,Katsumi Sugawara,Katsumi,Sugawara,J,J,6,97,J_J,0,1
core-03107,Yoko Maeda,Yoko,Maeda,J,J,7,34,J_J,0,1
core-03108,Michiko Yokoyama,Michiko,Yokoyama,J,J,8,71,J_J,0,1
core-03109,Toshio Nakamura,Toshio,Nakamura,J,J,9,8,J_J,0,1
core-03110,Yoshiko Endo,Yoshiko,Endo,J,J,10,45,J_J,0,1
core-03111,Hiromi Sugiyama,Hiromi,Sugiyama,J,J,11,82,J_J,0,1
core-03112,Hiroko Shimizu,Hiroko,Shimizu,J,J,12,19,J_J,0,1
core-03113,Yoshio Miura,Yoshio,Miura,J,J,13,56,J_J,0,1
core-03114,Kazuo Sakurai,Kazuo,Sakurai,J,J,14,93,J_J,0,1
core-03115,Akira Ogawa,Akira,Ogawa,J,J,15,30,J_J,0,1
core-03116,Keiko Hara,Keiko,Hara,J,J,16,67,J_J,0,1
core-03117,Hisako Watanabe,Hisako,Watanabe,J,J,17,4,J_J,0,1
core-03118,Yoshimi Ota,Yoshimi,Ota,J,J,18,41,J_J,0,1
core-03119,Fumiko Ueno,Fumiko,Ueno,J,J,19,78,J_J,0,1
core-03120,Masao Matsumoto,Masao,Matsumoto,J,J,20,15,J_J,0,1
core-03121,Toshiko Nishimura,Toshiko,Nishimura,J,J,21,52,J_J,0,1
core-03122,Kiyoshi Otsuka,Kiyoshi,Otsuka,J,J,22,89,J_J,0,1
core-03123,Takashi Ikeda,Takashi,Ikeda,J,J,23,26,J_J,0,1
core-03124,Yukio Ishida,Yukio,Ishida,J,J,24,63,J_J,0,1
core-03125,Hideo Nomura,Hideo,Nomura,J,J,25,100,J_J,0,1
core-03126,Koshi Fujita,Koshi,Fujita,J,J,26,37,J_J,0,1
core-03127,Yasuko Koyama,Yasuko,Koyama,J,J,27,74,J_J,0,1
core-03128,Koichi Kato,Koichi,Kato,J,J,28,11,J_J,0,1
core-03129,Reiko Nakano,Reiko,Nakano,J,J,29,48,J_J,0,1
core-03130,Koji Kono,Koji,Kono,J,J,30,85,J_J,0,1
core-03131,Takeshi Ono,Takeshi,Ono,J,J,31,22,J_J,0,1
core-03132,Takako Kojima,Takako,Kojima,J,J,32,59,J_J,0,1
core-03133,Tadashi Kubo,Tadashi,Kubo,J,J,33,96,J_J,0,1
core-03134,Miyoko Goto,Miyoko,Goto,J,J,34,33,J_J,0,1
core-03135,Tomiko Shimada,Tomiko,Shimada,J,J,35,70,J_J,0,1
core-03136,Emiko Yamamoto,Emiko,Yamamoto,J,J,36,7,J_J,0,1
core-03137,Shizuko Arai,Shizuko,Arai,J,J,37,44,J_J,0,1
core-03138,Noriko Kudo,Noriko,Kudo,J,J,38,81,J_J,0,1
core-03139,Yuko Kimura,Yuko,Kimura,J,J,39,18,J_J,0,1
core-03140,Kiyoko Fujiwara,Kiyoko,Fujiwara,J,J,40,55,J_J,0,1
core-03141,Ko Matsui,Ko,Matsui,J,J,41,92,J_J,0,1
core-03142,Nobuko Yamashita,Nobuko,Yamashita,J,J,42,29,J_J,0,1
core-03143,Mieko Masuda,Mieko,Masuda,J,J,43,66,J_J,0,1
core-03144,Yoshie Tanaka,Yoshie,Tanaka,J,J,44,3,J_J,0,1
core-03145,Shoji Murakami,Shoji,Murakami,J,J,45,40,J_J,0,1
core-03146,Masami Taniguchi,Masami,Taniguchi,J,J,46,77,J_J,0,1
core-03147,Teruko Sasaki,Teruko,Sasaki,J,J,47,14,J_J,0,1
core-03148,Mitsuo Kaneko,Mitsuo,Kaneko,J,J,48,51,J_J,0,1
core-03149,Ryoko Hirano,Ryoko,Hirano,J,J,49,88,J_J,0,1
core-03150,Yasuo Hashimoto,Yasuo,Hashimoto,J,J,50,25,J_J,0,1
core-03151,Chiyoko Nakayama,Chiyoko,Nakayama,J,J,51,62,J_J,0,1
core-03152,Kazue Takada,Kazue,Takada,J,J,52,99,J_J,0,1
core-03153,Chieko Hasegawa,Chieko,Hasegawa,J,J,53,36,J_J,0,1
core-03154,Sumiko Honda,Sumiko,Honda,J,J,54,73,J_J,0,1
core-03155,Hiroyuki Saito,Hiroyuki,Saito,J,J,55,10,J_J,0,1
core-03156,Akiko Takeuchi,Akiko,Takeuchi,J,J,56,47,J_J,0,1
core-03157,Shigeo Kawamura,Shigeo,Kawamura,J,J,57,84,J_J,0,1
core-03158,Susumu Abe,Susumu,Abe,J,J,58,21,J_J,0,1
core-03159,Etsuko Matsuda,Etsuko,Matsuda,J,J,59,58,J_J,0,1
core-03160,Akio Ida,Akio,Ida,J,J,60,95,J_J,0,1
core-03161,Shigeko Sakamoto,Shigeko,Sakamoto,J,J,61,32,J_J,0,1
core-03162,Isamu Uchida,Isamu,Uchida,J,J,62,69,J_J,0,1
core-03163,Shizue Ito,Shizue,Ito,J,J,63,6,J_J,0,1
core-03164,Kenichi Ueda,Kenichi,Ueda,J,J,64,43,J_J,0,1
core-03165,Masaki Maruyama,Masaki,Maruyama,J,J,65,80,J_J,0,1
core-03166,Yaeko Inoue,Yaeko,Inoue,J,J,66,17,J_J,0,1
core-03167,Aiko Nakagawa,Aiko,Nakagawa,J,J,67,54,J_J,0,1
core-03168,Masahiro Takeda,Masahiro,Takeda,J,J,68,91,J_J,0,1
core-03169,Shinichi Ishikawa,Shinichi,Ishikawa,J,J,69,28,J_J,0,1
core-03170,Shoichi Shibata,Shoichi,Shibata,J,J,70,65,J_J,0,1
core-03171,Jitsu Suzuki,Jitsu,Suzuki,J,J,71,2,J_J,0,1
core-03172,Osamu Sakai,Osamu,Sakai,J,J,72,39,J_J,0,1
core-03173,Tomoko Miyazaki,Tomoko,Miyazaki,J,J,73,76,J_J,0,1
core-03174,Sadako Yamada,Sadako,Yamada,J,J,74,13,J_J,0,1
core-03175,Masayuki Fukuda,Masayuki,Fukuda,J,J,75,50,J_J,0,1
core-03176,Takeo Kubota,Takeo,Kubota,J,J,76,87,J_J,0,1
core-03177,Takao Nakajima,Takao,Nakajima,J,J,77,24,J_J,0,1
core-03178,Hideko Tamura,Hideko,Tamura,J,J,78,61,J_J,0,1
core-03179,Tsutomu Kinoshita,Tsutomu,Kinoshita,J,J,79,98,J_J,0,1
core-03180,Makoto Okada,Makoto,Okada,J,J,80,35,J_J,0,1
core-03181,Yoshiaki Miyamoto,Yoshiaki,Miyamoto,J,J,81,72,J_J,0,1
core-03182,Yuki Kobayashi,Yuki,Kobayashi,J,J,82,9,J_J,0,1
core-03183,Haruko Aoki,Haruko,Aoki,J,J,83,46,J_J,0,1
core-03184,Ayako Fujimoto,Ayako,Fujimoto,J,J,84,83,J_J,0,1
core-03185,Yuji Hayashi,Yuji,Hayashi,J,J,85,20,J_J,0,1
core-03186,Kimiko Harada,Kimiko,Harada,J,J,86,57,J_J,0,1
core-03187,Asahi Chiba,Asahi,Chiba,J,J,87,94,J_J,0,1
core-03188,Haruo Ishii,Haruo,Ishii,J,J,88,31,J_J,0,1
core-03189,Minoru Ando,Minoru,Ando,J,J,89,68,J_J,0,1
core-03190,Atsushi Takahashi,Atsushi,Takahashi,J,J,90,5,J_J,0,1
core-03191,Kachi Kikuchi,Kachi,Kikuchi,J,J,91,42,J_J,0,1
core-03192,Kiyo Imai,Kiyo,Imai,J,J,92,79,J_J,0,1
core-03193,Tetsuo Yamaguchi,Tetsuo,Yamaguchi,J,J,93,16,J_J,0,1
core-03194,Yoshihiro Okamoto,Yoshihiro,Okamoto,J,J,94,53,J_J,0,1
core-03195,Kunio Noguchi,Kunio,Noguchi,J,J,95,90,J_J,0,1
core-03196,Yutaka Yamazaki,Yutaka,Yamazaki,J,J,96,27,J_J,0,1
core-03197,Taeko Wada,Taeko,Wada,J,J,97,64,J_J,0,1
core-03198,Tatsuo Sato,Tatsuo,Sato,J,J,98,1,J_J,0,1
core-03199,Tadao Kondo,Tadao,Kondo,J,J,99,38,J_J,0,1
core-03200,Yukie Takagi,Yukie,Takagi,J,J,100,75,J_J,0,1
core-03201,Kenji Mori,Kenji,Mori,J,J,1,23,J_J,0,2
core-03202,Hiroshi Morita,Hiroshi,Morita,J,J,2,60,J_J,0,2
core-03203,Shigeru Sugawara,Shigeru,Sugawara,J,J,3,97,J_J,0,2
core-03204,Sachiko Maeda,Sachiko,Maeda,J,J,4,34,J_J,0,2
core-03205,Masako Yokoyama,Masako,Yokoyama,J,J,5,71,J_J,0,2
core-03206,Katsumi Nakamura,Katsumi,Nakamura,J,J,6,8,J_J,0,2
core-03207,Yoko Endo,Yoko,Endo,J,J,7,45,J_J,0,2
core-03208,Michiko Sugiyama,Michiko,Sugiyama,J,J,8,82,J_J,0,2
core-03209,Toshio Shimizu,Toshio,Shimizu,J,J,9,19,J_J,0,2
core-03210,Yoshiko Miura,Yoshiko,Miura,J,J,10,56,J_J,0,2
core-03211,Hiromi Sakurai,Hiromi,Sakurai,J,J,11,93,J_J,0,2
core-03212,Hiroko Ogawa,Hiroko,Ogawa,J,J,12,30,J_J,0,2
core-03213,Yoshio Hara,Yoshio,Hara,J,J,13,67,J_J,0,2
core-03214,Kazuo Watanabe,Kazuo,Watanabe,J,J,14,4,J_J,0,2
core-03215,Akira Ota,Akira,Ota,J,J,15,41,J_J,0,2
core-03216,Keiko Ueno,Keiko,Ueno,J,J,16,78,J_J,0,2
core-03217,Hisako Matsumoto,Hisako,Matsumoto,J,J,17,15,J_J,0,2
core-03218,Yoshimi Nishimura,Yoshimi,Nishimura,J,J,18,52,J_J,0,2
core-03219,Fumiko Otsuka,Fumiko,Otsuka,J,J,19,89,J_J,0,2
core-03220,Masao Ikeda,Masao,Ikeda,J,J,20,26,J_J,0,2
core-03221,Toshiko Ishida,Toshiko,Ishida,J,J,21,63,J_J,0,2
core-03222,Kiyoshi Nomura,Kiyoshi,Nomura,J,J,22,100,J_J,0,2
core-03223,Takashi Fujita,Takashi,Fujita,J,J,23,37,J_J,0,2
core-03224,Yukio Koyama,Yukio,Koyama,J,J,24,74,J_J,0,2
core-03225,Hideo Kato,Hideo,Kato,J,J,25,11,J_J,0,2
core-03226,Koshi Nakano,Koshi,Nakano,J,J,26,48,J_J,0,2
core-03227,Yasuko Kono,Yasuko,Kono,J,J,27,85,J_J,0,2
core-03228,Koichi Ono,Koichi,Ono,J,J,28,22,J_J,0,2
core-03229,Reiko Kojima,Reiko,Kojima,J,J,29,59,J_J,0,2
core-03230,Koji Kubo,Koji,Kubo,J,J,30,96,J_J,0,2
core-03231,Takeshi Goto,Takeshi,Goto,J,J,31,33,J_J,0,2
core-03232,Takako Shimada,Takako,Shimada,J,J,32,70,J_J,0,2
core-03233,Tadashi Yamamoto,Tadashi,Yamamoto,J,J,33,7,J_J,0,2
core-03234,Miyoko Arai,Miyoko,Arai,J,J,34,44,J_J,0,2
core-03235,Tomiko Kudo,Tomiko,Kudo,J,J,35,81,J_J,0,2
core-03236,Emiko Kimura,Emiko,Kimura,J,J,36,18,J_J,0,2
core-03237,Shizuko Fujiwara,Shizuko,Fujiwara,J,J,37,55,J_J,0,2
core-03238,Noriko Matsui,Noriko,Matsui,J,J,38,92,J_J,0,2
core-03239,Yuko Yamashita,Yuko,Yamashita,J,J,39,29,J_J,0,2
core-03240,Kiyoko Masuda,Kiyoko,Masuda,J,J,40,66,J_J,0,2
core-03241,Ko Tanaka,Ko,Tanaka,J,J,41,3,J_J,0,2
core-03242,Nobuko Murakami,Nobuko,Murakami,J,J,42,40,J_J,0,2
core-03243,Mieko Taniguchi,Mieko,Taniguchi,J,J,43,77,J_J,0,2
core-03244,Yoshie Sasaki,Yoshie,Sasaki,J,J,44,14,J_J,0,2
core-03245,Shoji Kaneko,Shoji,Kaneko,J,J,45,51,J_J,0,2
core-03246,Masami Hirano,Masami,Hirano,J,J,46,88,J_J,0,2
core-03247,Teruko Hashimoto,Teruko,Hashimoto,J,J,47,25,J_J,0,2
core-03248,Mitsuo Nakayama,Mitsuo,Nakayama,J,J,48,62,J_J,0,2
core-03249,Ryoko Takada,Ryoko,Takada,J,J,49,99,J_J,0,2
core-03250,Yasuo Hasegawa,Yasuo,Hasegawa,J,J,50,36,J_J,0,2
core-03251,Chiyoko Honda,Chiyoko,Honda,J,J,51,73,J_J,0,2
core-03252,Kazue Saito,Kazue,Saito,J,J,52,10,J_J,0,2
core-03253,Chieko Takeuchi,Chieko,Takeuchi,J,J,53,47,J_J,0,2
core-03254,Sumiko Kawamura,Sumiko,Kawamura,J,J,54,84,J_J,0,2
core-03255,Hiroyuki Abe,Hiroyuki,Abe,J,J,55,21,J_J,0,2
core-03256,Akiko Matsuda,Akiko,Matsuda,J,J,56,58,J_J,0,2
core-03257,Shigeo Ida,Shigeo,Ida,J,J,57,95,J_J,0,2
core-03258,Susumu Sakamoto,Susumu,Sakamoto,J,J,58,32,J_J,0,2
core-03259,Etsuko Uchida,Etsuko,Uchida,J,J,59,69,J_J,0,2
core-03260,Akio Ito,Akio,Ito,J,J,60,6,J_J,0,2
core-03261,Shigeko Ueda,Shigeko,Ueda,J,J,61,43,J_J,0,2
core-03262,Isamu Maruyama,Isamu,Maruyama,J,J,62,80,J_J,0,2
core-03263,Shizue Inoue,Shizue,Inoue,J,J,63,17,J_J,0,2
core-03264,Kenichi Nakagawa,Kenichi,Nakagawa,J,J,64,54,J_J,0,2
core-03265,Masaki Takeda,Masaki,Takeda,J,J,65,91,J_J,0,2
core-03266,Yaeko Ishikawa,Yaeko,Ishikawa,J,J,66,28,J_J,0,2
core-03267,Aiko Shibata,Aiko,Shibata,J,J,67,65,J_J,0,2
core-03268,Masahiro Suzuki,Masahiro,Suzuki,J,J,68,2,J_J,0,2
core-03269,Shinichi Sakai,Shinichi,Sakai,J,J,69,39,J_J,0,2
core-03270,Shoichi Miyazaki,Shoichi,Miyazaki,J,J,70,76,J_J,0,2
core-03271,Jitsu Yamada,Jitsu,Yamada,J,J,71,13,J_J,0,2
core-03272,Osamu Fukuda,Osamu,Fukuda,J,J,72,50,J_J,0,2
core-03273,Tomoko Kubota,Tomoko,Kubota,J,J,73,87,J_J,0,2
core-03274,Sadako Nakajima,Sadako,Nakajima,J,J,74,24,J_J,0,2
core-03275,Masayuki Tamura,Masayuki,Tamura,J,J,75,61,J_J,0,2
core-03276,Takeo Kinoshita,Takeo,Kinoshita,J,J,76,98,J_J,0,2
core-03277,Takao Okada,Takao,Okada,J,J,77,35,J_J,0,2
core-03278,Hideko Miyamoto,Hideko,Miyamoto,J,J,78,72,J_J,0,2
core-03279,Tsutomu Kobayashi,Tsutomu,Kobayashi,J,J,79,9,J_J,0,2
core-03280,Makoto Aoki,Makoto,Aoki,J,J,80,46,J_J,0,2
core-03281,Yoshiaki Fujimoto,Yoshiaki,Fujimoto,J,J,81,83,J_J,0,2
core-03282,Yuki Hayashi,Yuki,Hayashi,J,J,82,20,J_J,0,2
core-03283,Haruko Harada,Haruko,Harada,J,J,83,57,J_J,0,2
core-03284,Ayako Chiba,Ayako,Chiba,J,J,84,94,J_J,0,2
core-03285,Yuji Ishii,Yuji,Ishii,J,J,85,31,J_J,0,2
core-03286,Kimiko Ando,Kimiko,Ando,J,J,86,68,J_J,0,2
core-03287,Asahi Takahashi,Asahi,Takahashi,J,J,87,5,J_J,0,2
core-03288,Haruo Kikuchi,Haruo,Kikuchi,J,J,88,42,J_J,0,2
core-03289,Minoru Imai,Minoru,Imai,J,J,89,79,J_J,0,2
core-03290,Atsushi Yamaguchi,Atsushi,Yamaguchi,J,J,90,16,J_J,0,2
core-03291,Kachi Okamoto,Kachi,Okamoto,J,J,91,53,J_J,0,2
core-03292,Kiyo Noguchi,Kiyo,Noguchi,J,J,92,90,J_J,0,2
core-03293,Tetsuo Yamazaki,Tetsuo,Yamazaki,J,J,93,27,J_J,0,2
core-03294,Yoshihiro Wada,Yoshihiro,Wada,J,J,94,64,J_J,0,2
core-03295,Kunio Sato,Kunio,Sato,J,J,95,1,J_J,0,2
core-03296,Yutaka Kondo,Yutaka,Kondo,J,J,96,38,J_J,0,2
core-03297,Taeko Takagi,Taeko,Takagi,J,J,97,75,J_J,0,2
core-03298,Tatsuo Yoshida,Tatsuo,Yoshida,J,J,98,12,J_J,0,2
core-03299,Tadao Fujii,Tadao,Fujii,J,J,99,49,J_J,0,2
core-03300,Yukie Murata,Yukie,Murata,J,J,100,86,J_J,0,2
core-03301,Kenji Maeda,Kenji,Maeda,J,J,1,34,J_J,0,3
core-03302,Hiroshi Yokoyama,Hiroshi,Yokoyama,J,J,2,71,J_J,0,3
core-03303,Shigeru Nakamura,Shigeru,Nakamura,J,J,3,8,J_J,0,3
core-03304,Sachiko Endo,Sachiko,Endo,J,J,4,45,J_J,0,3
core-03305,Masako Sugiyama,Masako,Sugiyama,J,J,5,82,J_J,0,3
core-03306,Katsumi Shimizu,Katsumi,Shimizu,J,J,6,19,J_J,0,3
core-03307,Yoko Miura,Yoko,Miura,J,J,7,56,J_J,0,3
core-03308,Michiko Sakurai,Michiko,Sakurai,J,J,8,93,J_J,0,3
core-03309,Toshio Ogawa,Toshio,Ogawa,J,J,9,30,J_J,0,3
core-03310,Yoshiko Hara,Yoshiko,Hara,J,J,10,67,J_J,0,3
core-03311,Hiromi Watanabe,Hiromi,Watanabe,J,J,11,4,J_J,0,3
core-03312,Hiroko Ota,Hiroko,Ota,J,J,12,41,J_J,0,3
core-03313,Yoshio Ueno,Yoshio,Ueno,J,J,13,78,J_J,0,3
core-03314,Kazuo Matsumoto,Kazuo,Matsumoto,J,J,14,15,J_J,0,3
core-03315,Akira Nishimura,Akira,Nishimura,J,J,15,52,J_J,0,3
core-03316,Keiko Otsuka,Keiko,Otsuka,J,J,16,89,J_J,0,3
core-03317,Hisako Ikeda,Hisako,Ikeda,J,J,17,26,J_J,0,3
core-03318,Yoshimi Ishida,Yoshimi,Ishida,J,J,18,63,J_J,0,3
core-03319,Fumiko Nomura,Fumiko,Nomura,J,J,19,100,J_J,0,3
core-03320,Masao Fujita,Masao,Fujita,J,J,20,37,J_J,0,3
core-03321,Toshiko Koyama,Toshiko,Koyama,J,J,21,74,J_J,0,3
core-03322,Kiyoshi Kato,Kiyoshi,Kato,J,J,22,11,J_J,0,3
core-03323,Takashi Nakano,Takashi,Nakano,J,J,23,48,J_J,0,3
core-03324,Yukio Kono,Yukio,Kono,J,J,24,85,J_J,0,3
core-03325,Hideo Ono,Hideo,Ono,J,J,25,22,J_J,0,3
core-03326,Koshi Kojima,Koshi,Kojima,J,J,26,59,J_J,0,3
core-03327,Yasuko Kubo,Yasuko,Kubo,J,J,27,96,J_J,0,3
core-03328,Koichi Goto,Koichi,Goto,J,J,28,33,J_J,0,3
core-03329,Reiko Shimada,Reiko,Shimada,J,J,29,70,J_J,0,3
core-03330,Koji Yamamoto,Koji,Yamamoto,J,J,30,7,J_J,0,3
core-03331,Takeshi Arai,Takeshi,Arai,J,J,31,44,J_J,0,3
core-03332,Takako Kudo,Takako,Kudo,J,J,32,81,J_J,0,3
core-03333,Tadashi Kimura,Tadashi,Kimura,J,J,33,18,J_J,0,3
core-03334,Miyoko Fujiwara,Miyoko,Fujiwara,J,J,34,55,J_J,0,3
core-03335,Tomiko Matsui,Tomiko,Matsui,J,J,35,92,J_J,0,3
core-03336,Emiko Yamashita,Emiko,Yamashita,J,J,36,29,J_J,0,3
core-03337,Shizuko Masuda,Shizuko,Masuda,J,J,37,66,J_J,0,3
core-03338,Noriko Tanaka,Noriko,Tanaka,J,J,38,3,J_J,0,3
core-03339,Yuko Murakami,Yuko,Murakami,J,J,39,40,J_J,0,3
core-03340,Kiyoko Taniguchi,Kiyoko,Taniguchi,J,J,40,77,J_J,0,3
core-03341,Ko Sasaki,Ko,Sasaki,J,J,41,14,J_J,0,3
core-03342,Nobuko Kaneko,Nobuko,Kaneko,J,J,42,51,J_J,0,3
core-03343,Mieko Hirano,Mieko,Hirano,J,J,43,88,J_J,0,3
core-03344,Yoshie Hashimoto,Yoshie,Hashimoto,J,J,44,25,J_J,0,3
core-03345,Shoji Nakayama,Shoji,Nakayama,J,J,45,62,J_J,0,3
core-03346,Masami Takada,Masami,Takada,J,J,46,99,J_J,0,3
core-03347,Teruko Hasegawa,Teruko,Hasegawa,J,J,47,36,J_J,0,3
core-03348,Mitsuo Honda,Mitsuo,Honda,J,J,48,73,J_J,0,3
core-03349,Ryoko Saito,Ryoko,Saito,J,J,49,10,J_J,0,3
core-03350,Yasuo Takeuchi,Yasuo,Takeuchi,J,J,50,47,J_J,0,3
core-03351,Chiyoko Kawamura,Chiyoko,Kawamura,J,J,51,84,J_J,0,3
core-03352,Kazue Abe,Kazue,Abe,J,J,52,21,J_J,0,3
core-03353,Chieko Matsuda,Chieko,Matsuda,J,J,53,58,J_J,0,3
core-03354,Sumiko Ida,Sumiko,Ida,J,J,54,95,J_J,0,3
core-03355,Hiroyuki Sakamoto,Hiroyuki,Sakamoto,J,J,55,32,J_J,0,3
core-03356,Akiko Uchida,Akiko,Uchida,J,J,56,69,J_J,0,3
core-03357,Shigeo Ito,Shigeo,Ito,J,J,57,6,J_J,0,3
core-03358,Susumu Ueda,Susumu,Ueda,J,J,58,43,J_J,0,3
core-03359,Etsuko Maruyama,Etsuko,Maruyama,J,J,59,80,J_J,0,3
core-03360,Akio Inoue,Akio,Inoue,J,J,60,17,J_J,0,3
core-03361,Shigeko Nakagawa,Shigeko,Nakagawa,J,J,61,54,J_J,0,3
core-03362,Isamu Takeda,Isamu,Takeda,J,J,62,91,J_J,0,3
core-03363,Shizue Ishikawa,Shizue,Ishikawa,J,J,63,28,J_J,0,3
core-03364,Kenichi Shibata,Kenichi,Shibata,J,J,64,65,J_J,0,3
core-03365,Masaki Suzuki,Masaki,Suzuki,J,J,65,2,J_J,0,3
core-03366,Yaeko Sakai,Yaeko,Sakai,J,J,66,39,J_J,0,3
core-03367,Aiko Miyazaki,Aiko,Miyazaki,J,J,67,76,J_J,0,3
core-03368,Masahiro Yamada,Masahiro,Yamada,J,J,68,13,J_J,0,3
core-03369,Shinichi Fukuda,Shinichi,Fukuda,J,J,69,50,J_J,0,3
core-03370,Shoichi Kubota,Shoichi,Kubota,J,J,70,87,J_J,0,3
core-03371,Jitsu Nakajima,Jitsu,Nakajima,J,J,71,24,J_J,0,3
core-03372,Osamu Tamura,Osamu,Tamura,J,J,72,61,J_J,0,3
core-03373,Tomoko Kinoshita,Tomoko,Kinoshita,J,J,73,98,J_J,0,3
core-03374,Sadako Okada,Sadako,Okada,J,J,74,35,J_J,0,3
core-03375,Masayuki Miyamoto,Masayuki,Miyamoto,J,J,75,72,J_J,0,3
core-03376,Takeo Kobayashi,Takeo,Kobayashi,J,J,76,9,J_J,0,3
core-03377,Takao Aoki,Takao,Aoki,J,J,77,46,J_J,0,3
core-03378,Hideko Fujimoto,Hideko,Fujimoto,J,J,78,83,J_J,0,3
core-03379,Tsutomu Hayashi,Tsutomu,Hayashi,J,J,79,20,J_J,0,3
core-03380,Makoto Harada,Makoto,Harada,J,J,80,57,J_J,0,3
core-03381,Yoshiaki Chiba,Yoshiaki,Chiba,J,J,81,94,J_J,0,3
core-03382,Yuki Ishii,Yuki,Ishii,J,J,82,31,J_J,0,3
core-03383,Haruko Ando,Haruko,Ando,J,J,83,68,J_J,0,3
core-03384,Ayako Takahashi,Ayako,Takahashi,J,J,84,5,J_J,0,3
core-03385,Yuji Kikuchi,Yuji,Kikuchi,J,J,85,42,J_J,0,3
core-03386,Kimiko Imai,Kimiko,Imai,J,J,86,79,J_J,0,3
core-03387,Asahi Yamaguchi,Asahi,Yamaguchi,J,J,87,16,J_J,0,3
core-03388,Haruo Okamoto,Haruo,Okamoto,J,J,88,53,J_J,0,3
core-03389,Minoru Noguchi,Minoru,Noguchi,J,J,89,90,J_J,0,3
core-03390,Atsushi Yamazaki,Atsushi,Yamazaki,J,J,90,27,J_J,0,3
core-03391,Kachi Wada,Kachi,Wada,J,J,91,64,J_J,0,3
core-03392,Kiyo Sato,Kiyo,Sato,J,J,92,1,J_J,0,3
core-03393,Tetsuo Kondo,Tetsuo,Kondo,J,J,93,38,J_J,0,3
core-03394,Yoshihiro Takagi,Yoshihiro,Takagi,J,J,94,75,J_J,0,3
core-03395,Kunio Yoshida,Kunio,Yoshida,J,J,95,12,J_J,0,3
core-03396,Yutaka Fujii,Yutaka,Fujii,J,J,96,49,J_J,0,3
core-03397,Taeko Murata,Taeko,Murata,J,J,97,86,J_J,0,3
core-03398,Tatsuo Mori,Tatsuo,Mori,J,J,98,23,J_J,0,3
core-03399,Tadao Morita,Tadao,Morita,J,J,99,60,J_J,0,3
core-03400,Yukie Sugawara,Yukie,Sugawara,J,J,100,97,J_J,0,3
core-03401,Kenji Endo,Kenji,Endo,J,J,1,45,J_J,0,4
core-03402,Hiroshi Sugiyama,Hiroshi,Sugiyama,J,J,2,82,J_J,0,4
core-03403,Shigeru Shimizu,Shigeru,Shimizu,J,J,3,19,J_J,0,4
core-03404,Sachiko Miura,Sachiko,Miura,J,J,4,56,J_J,0,4
core-03405,Masako Sakurai,Masako,Sakurai,J,J,5,93,J_J,0,4
core-03406,Katsumi Ogawa,Katsumi,Ogawa,J,J,6,30,J_J,0,4
core-03407,Yoko Hara,Yoko,Hara,J,J,7,67,J_J,0,4
core-03408,Michiko Watanabe,Michiko,Watanabe,J,J,8,4,J_J,0,4
core-03409,Toshio Ota,Toshio,Ota,J,J,9,41,J_J,0,4
core-03410,Yoshiko Ueno,Yoshiko,Ueno,J,J,10,78,J_J,0,4
core-03411,Hiromi Matsumoto,Hiromi,Matsumoto,J,J,11,15,J_J,0,4
core-03412,Hiroko Nishimura,Hiroko,Nishimura,J,J,12,52,J_J,0,4
core-03413,Yoshio Otsuka,Yoshio,Otsuka,J,J,13,89,J_J,0,4
core-03414,Kazuo Ikeda,Kazuo,Ikeda,J,J,14,26,J_J,0,4
core-03415,Akira Ishida,Akira,Ishida,J,J,15,63,J_J,0,4
core-03416,Keiko Nomura,Keiko,Nomura,J,J,16,100,J_J,0,4
core-03417,Hisako Fujita,Hisako,Fujita,J,J,17,37,J_J,0,4
core-03418,Yoshimi Koyama,Yoshimi,Koyama,J,J,18,74,J_J,0,4
core-03419,Fumiko Kato,Fumiko,Kato,J,J,19,11,J_J,0,4
core-03420,Masao Nakano,Masao,Nakano,J,J,20,48,J_J,0,4
core-03421,Toshiko Kono,Toshiko,Kono,J,J,21,85,J_J,0,4
core-03422,Kiyoshi Ono,Kiyoshi,Ono,J,J,22,22,J_J,0,4
core-03423,Takashi Kojima,Takashi,Kojima,J,J,23,59,J_J,0,4
core-03424,Yukio Kubo,Yukio,Kubo,J,J,24,96,J_J,0,4
core-03425,Hideo Goto,Hideo,Goto,J,J,25,33,J_J,0,4
core-03426,Koshi Shimada,Koshi,Shimada,J,J,26,70,J_J,0,4
core-03427,Yasuko Yamamoto,Yasuko,Yamamoto,J,J,27,7,J_J,0,4
core-03428,Koichi Arai,Koichi,Arai,J,J,28,44,J_J,0,4
core-03429,Reiko Kudo,Reiko,Kudo,J,J,29,81,J_J,0,4
core-03430,Koji Kimura,Koji,Kimura,J,J,30,18,J_J,0,4
core-03431,Takeshi Fujiwara,Takeshi,Fujiwara,J,J,31,55,J_J,0,4
core-03432,Takako Matsui,Takako,Matsui,J,J,32,92,J_J,0,4
core-03433,Tadashi Yamashita,Tadashi,Yamashita,J,J,33,29,J_J,0,4
core-03434,Miyoko Masuda,Miyoko,Masuda,J,J,34,66,J_J,0,4
core-03435,Tomiko Tanaka,Tomiko,Tanaka,J,J,35,3,J_J,0,4
core-03436,Emiko Murakami,Emiko,Murakami,J,J,36,40,J_J,0,4
core-03437,Shizuko Taniguchi,Shizuko,Taniguchi,J,J,37,77,J_J,0,4
core-03438,Noriko Sasaki,Noriko,Sasaki,J,J,38,14,J_J,0,4
core-03439,Yuko Kaneko,Yuko,Kaneko,J,J,39,51,J_J,0,4
core-03440,Kiyoko Hirano,Kiyoko,Hirano,J,J,40,88,J_J,0,4
core-03441,Ko Hashimoto,Ko,Hashimoto,J,J,41,25,J_J,0,4
core-03442,Nobuko Nakayama,Nobuko,Nakayama,J,J,42,62,J_J,0,4
core-03443,Mieko Takada,Mieko,Takada,J,J,43,99,J_J,0,4
core-03444,Yoshie Hasegawa,Yoshie,Hasegawa,J,J,44,36,J_J,0,4
core-03445,Shoji Honda,Shoji,Honda,J,J,45,73,J_J,0,4
core-03446,Masami Saito,Masami,Saito,J,J,46,10,J_J,0,4
core-03447,Teruko Takeuchi,Teruko,Takeuchi,J,J,47,47,J_J,0,4
core-03448,Mitsuo Kawamura,Mitsuo,Kawamura,J,J,48,84,J_J,0,4
core-03449,Ryoko Abe,Ryoko,Abe,J,J,49,21,J_J,0,4
core-03450,Yasuo Matsuda,Yasuo,Matsuda,J,J,50,58,J_J,0,4
core-03451,Chiyoko Ida,Chiyoko,Ida,J,J,51,95,J_J,0,4
core-03452,Kazue Sakamoto,Kazue,Sakamoto,J,J,52,32,J_J,0,4
core-03453,Chieko Uchida,Chieko,Uchida,J,J,53,69,J_J,0,4
core-03454,Sumiko Ito,Sumiko,Ito,J,J,54,6,J_J,0,4
core-03455,Hiroyuki Ueda,Hiroyuki,Ueda,J,J,55,43,J_J,0,4
core-03456,Akiko Maruyama,Akiko,Maruyama,J,J,56,80,J_J,0,4
core-03457,Shigeo Inoue,Shigeo,Inoue,J,J,57,17,J_J,0,4
core-03458,Susumu Nakagawa,Susumu,Nakagawa,J,J,58,54,J_J,0,4
core-03459,Etsuko Takeda,Etsuko,Takeda,J,J,59,91,J_J,0,4
core-03460,Akio Ishikawa,Akio,Ishikawa,J,J,60,28,J_J,0,4
core-03461,Shigeko Shibata,Shigeko,Shibata,J,J,61,65,J_J,0,4
core-03462,Isamu Suzuki,Isamu,Suzuki,J,J,62,2,J_J,0,4
core-03463,Shizue Sakai,Shizue,Sakai,J,J,63,39,J_J,0,4
core-03464,Kenichi Miyazaki,Kenichi,Miyazaki,J,J,64,76,J_J,0,4
core-03465,Masaki Yamada,Masaki,Yamada,J,J,65,13,J_J,0,4
core-03466,Yaeko Fukuda,Yaeko,Fukuda,J,J,66,50,J_J,0,4
core-03467,Aiko Kubota,Aiko,Kubota,J,J,67,87,J_J,0,4
core-03468,Masahiro Nakajima,Masahiro,Nakajima,J,J,68,24,J_J,0,4
core-03469,Shinichi Tamura,Shinichi,Tamura,J,J,69,61,J_J,0,4
core-03470,Shoichi Kinoshita,Shoichi,Kinoshita,J,J,70,98,J_J,0,4
core-03471,Jitsu Okada,Jitsu,Okada,J,J,71,35,J_J,0,4
core-03472,Osamu Miyamoto,Osamu,Miyamoto,J,J,72,72,J_J,0,4
core-03473,Tomoko Kobayashi,Tomoko,Kobayashi,J,J,73,9,J_J,0,4
core-03474,Sadako Aoki,Sadako,Aoki,J,J,74,46,J_J,0,4
core-03475,Masayuki Fujimoto,Masayuki,Fujimoto,J,J,75,83,J_J,0,4
core-03476,Takeo Hayashi,Takeo,Hayashi,J,J,76,20,J_J,0,4
core-03477,Takao Harada,Takao,Harada,J,J,77,57,J_J,0,4
core-03478,Hideko Chiba,Hideko,Chiba,J,J,78,94,J_J,0,4
core-03479,Tsutomu Ishii,Tsutomu,Ishii,J,J,79,31,J_J,0,4
core-03480,Makoto Ando,Makoto,Ando,J,J,80,68,J_J,0,4
core-03481,Yoshiaki Takahashi,Yoshiaki,Takahashi,J,J,81,5,J_J,0,4
core-03482,Yuki Kikuchi,Yuki,Kikuchi,J,J,82,42,J_J,0,4
core-03483,Haruko Imai,Haruko,Imai,J,J,83,79,J_J,0,4
core-03484,Ayako Yamaguchi,Ayako,Yamaguchi,J,J,84,16,J_J,0,4
core-03485,Yuji Okamoto,Yuji,Okamoto,J,J,85,53,J_J,0,4
core-03486,Kimiko Noguchi,Kimiko,Noguchi,J,J,86,90,J_J,0,4
core-03487,Asahi Yamazaki,Asahi,Yamazaki,J,J,87,27,J_J,0,4
core-03488,Haruo Wada,Haruo,Wada,J,J,88,64,J_J,0,4
core-03489,Minoru Sato,Minoru,Sato,J,J,89,1,J_J,0,4
core-03490,Atsushi Kondo,Atsushi,Kondo,J,J,90,38,J_J,0,4
core-03491,Kachi Takagi,Kachi,Takagi,J,J,91,75,J_J,0,4
core-03492,Kiyo Yoshida,Kiyo,Yoshida,J,J,92,12,J_J,0,4
core-03493,Tetsuo Fujii,Tetsuo,Fujii,J,J,93,49,J_J,0,4
core-03494,Yoshihiro Murata,Yoshihiro,Murata,J,J,94,86,J_J,0,4
core-03495,Kunio Mori,Kunio,Mori,J,J,95,23,J_J,0,4
core-03496,Yutaka Morita,Yutaka,Morita,J,J,96,60,J_J,0,4
core-03497,Taeko Sugawara,Taeko,Sugawara,J,J,97,97,J_J,0,4
core-03498,Tatsuo Maeda,Tatsuo,Maeda,J,J,98,34,J_J,0,4
core-03499,Tadao Yokoyama,Tadao,Yokoyama,J,J,99,71,J_J,0,4
core-03500,Yukie Nakamura,Yukie,Nakamura,J,J,100,8,J_J,0,4
core-03501,Kenji Miura,Kenji,Miura,J,J,1,56,J_J,0,5
core-03502,Hiroshi Sakurai,Hiroshi,Sakurai,J,J,2,93,J_J,0,5
core-03503,Shigeru Ogawa,Shigeru,Ogawa,J,J,3,30,J_J,0,5
core-03504,Sachiko Hara,Sachiko,Hara,J,J,4,67,J_J,0,5
core-03505,Masako Watanabe,Masako,Watanabe,J,J,5,4,J_J,0,5
core-03506,Katsumi Ota,Katsumi,Ota,J,J,6,41,J_J,0,5
core-03507,Yoko Ueno,Yoko,Ueno,J,J,7,78,J_J,0,5
core-03508,Michiko Matsumoto,Michiko,Matsumoto,J,J,8,15,J_J,0,5
core-03509,Toshio Nishimura,Toshio,Nishimura,J,J,9,52,J_J,0,5
core-03510,Yoshiko Otsuka,Yoshiko,Otsuka,J,J,10,89,J_J,0,5
core-03511,Hiromi Ikeda,Hiromi,Ikeda,J,J,11,26,J_J,0,5
core-03512,Hiroko Ishida,Hiroko,Ishida,J,J,12,63,J_J,0,5
core-03513,Yoshio Nomura,Yoshio,Nomura,J,J,13,100,J_J,0,5
core-03514,Kazuo Fujita,Kazuo,Fujita,J,J,14,37,J_J,0,5
core-03515,Akira Koyama,Akira,Koyama,J,J,15,74,J_J,0,5
core-03516,Keiko Kato,Keiko,Kato,J,J,16,11,J_J,0,5
core-03517,Hisako Nakano,Hisako,Nakano,J,J,17,48,J_J,0,5
core-03518,Yoshimi Kono,Yoshimi,Kono,J,J,18,85,J_J,0,5
core-03519,Fumiko Ono,Fumiko,Ono,J,J,19,22,J_J,0,5
core-03520,Masao Kojima,Masao,Kojima,J,J,20,59,J_J,0,5
core-03521,Toshiko Kubo,Toshiko,Kubo,J,J,21,96,J_J,0,5
core-03522,Kiyoshi Goto,Kiyoshi,Goto,J,J,22,33,J_J,0,5
core-03523,Takashi Shimada,Takashi,Shimada,J,J,23,70,J_J,0,5
core-03524,Yukio Yamamoto,Yukio,Yamamoto,J,J,24,7,J_J,0,5
core-03525,Hideo Arai,Hideo,Arai,J,J,25,44,J_J,0,5
core-03526,Koshi Kudo,Koshi,Kudo,J,J,26,81,J_J,0,5
core-03527,Yasuko Kimura,Yasuko,Kimura,J,J,27,18,J_J,0,5
core-03528,Koichi Fujiwara,Koichi,Fujiwara,J,J,28,55,J_J,0,5
core-03529,Reiko Matsui,Reiko,Matsui,J,J,29,92,J_J,0,5
core-03530,Koji Yamashita,Koji,Yamashita,J,J,30,29,J_J,0,5
core-03531,Takeshi Masuda,Takeshi,Masuda,J,J,31,66,J_J,0,5
core-03532,Takako Tanaka,Takako,Tanaka,J,J,32,3,J_J,0,5
core-03533,Tadashi Murakami,Tadashi,Murakami,J,J,33,40,J_J,0,5
core-03534,Miyoko Taniguchi,Miyoko,Taniguchi,J,J,34,77,J_J,0,5
core-03535,Tomiko Sasaki,Tomiko,Sasaki,J,J,35,14,J_J,0,5
core-03536,Emiko Kaneko,Emiko,Kaneko,J,J,36,51,J_J,0,5
core-03537,Shizuko Hirano,Shizuko,Hirano,J,J,37,88,J_J,0,5
core-03538,Noriko Hashimoto,Noriko,Hashimoto,J,J,38,25,J_J,0,5
core-03539,Yuko Nakayama,Yuko,Nakayama,J,J,39,62,J_J,0,5
core-03540,Kiyoko Takada,Kiyoko,Takada,J,J,40,99,J_J,0,5
core-03541,Ko Hasegawa,Ko,Hasegawa,J,J,41,36,J_J,0,5
core-03542,Nobuko Honda,Nobuko,Honda,J,J,42,73,J_J,0,5
core-03543,Mieko Saito,Mieko,Saito,J,J,43,10,J_J,0,5
core-03544,Yoshie Takeuchi,Yoshie,Takeuchi,J,J,44,47,J_J,0,5
core-03545,Shoji Kawamura,Shoji,Kawamura,J,J,45,84,J_J,0,5
core-03546,Masami Abe,Masami,Abe,J,J,46,21,J_J,0,5
core-03547,Teruko Matsuda,Teruko,Matsuda,J,J,47,58,J_J,0,5
core-03548,Mitsuo Ida,Mitsuo,Ida,J,J,48,95,J_J,0,5
core-03549,Ryoko Sakamoto,Ryoko,Sakamoto,J,J,49,32,J_J,0,5
core-03550,Yasuo Uchida,Yasuo,Uchida,J,J,50,69,J_J,0,5
core-03551,Chiyoko Ito,Chiyoko,Ito,J,J,51,6,J_J,0,5
core-03552,Kazue Ueda,Kazue,Ueda,J,J,52,43,J_J,0,5
core-03553,Chieko Maruyama,Chieko,Maruyama,J,J,53,80,J_J,0,5
core-03554,Sumiko Inoue,Sumiko,Inoue,J,J,54,17,J_J,0,5
core-03555,Hiroyuki Nakagawa,Hiroyuki,Nakagawa,J,J,55,54,J_J,0,5
core-03556,Akiko Takeda,Akiko,Takeda,J,J,56,91,J_J,0,5
core-03557,Shigeo Ishikawa,Shigeo,Ishikawa,J,J,57,28,J_J,0,5
core-03558,Susumu Shibata,Susumu,Shibata,J,J,58,65,J_J,0,5
core-03559,Etsuko Suzuki,Etsuko,Suzuki,J,J,59,2,J_J,0,5
core-03560,Akio Sakai,Akio,Sakai,J,J,60,39,J_J,0,5
core-03561,Shigeko Miyazaki,Shigeko,Miyazaki,J,J,61,76,J_J,0,5
core-03562,Isamu Yamada,Isamu,Yamada,J,J,62,13,J_J,0,5
core-03563,Shizue Fukuda,Shizue,Fukuda,J,J,63,50,J_J,0,5
core-03564,Kenichi Kubota,Kenichi,Kubota,J,J,64,87,J_J,0,5
core-03565,Masaki Nakajima,Masaki,Nakajima,J,J,65,24,J_J,0,5
core-03566,Yaeko Tamura,Yaeko,Tamura,J,J,66,61,J_J,0,5
core-03567,Aiko Kinoshita,Aiko,Kinoshita,J,J,67,98,J_J,0,5
core-03568,Masahiro Okada,Masahiro,Okada,J,J,68,35,J_J,0,5
core-03569,Shinichi Miyamoto,Shinichi,Miyamoto,J,J,69,72,J_J,0,5
core-03570,Shoichi Kobayashi,Shoichi,Kobayashi,J,J,70,9,J_J,0,5
core-03571,Jitsu Aoki,Jitsu,Aoki,J,J,71,46,J_J,0,5
core-03572,Osamu Fujimoto,Osamu,Fujimoto,J,J,72,83,J_J,0,5
core-03573,Tomoko Hayashi,Tomoko,Hayashi,J,J,73,20,J_J,0,5
core-03574,Sadako Harada,Sadako,Harada,J,J,74,57,J_J,0,5
core-03575,Masayuki Chiba,Masayuki,Chiba,J,J,75,94,J_J,0,5
core-03576,Takeo Ishii,Takeo,Ishii,J,J,76,31,J_J,0,5
core-03577,Takao Ando,Takao,Ando,J,J,77,68,J_J,0,5
core-03578,Hideko Takahashi,Hideko,Takahashi,J,J,78,5,J_J,0,5
core-03579,Tsutomu Kikuchi,Tsutomu,Kikuchi,J,J,79,42,J_J,0,5
core-03580,Makoto Imai,Makoto,Imai,J,J,80,79,J_J,0,5
core-03581,Yoshiaki Yamaguchi,Yoshiaki,Yamaguchi,J,J,81,16,J_J,0,5
core-03582,Yuki Okamoto,Yuki,Okamoto,J,J,82,53,J_J,0,5
core-03583,Haruko Noguchi,Haruko,Noguchi,J,J,83,90,J_J,0,5
core-03584,Ayako Yamazaki,Ayako,Yamazaki,J,J,84,27,J_J,0,5
core-03585,Yuji Wada,Yuji,Wada,J,J,85,64,J_J,0,5
core-03586,Kimiko Sato,Kimiko,Sato,J,J,86,1,J_J,0,5
core-03587,Asahi Kondo,Asahi,Kondo,J,J,87,38,J_J,0,5
core-03588,Haruo Takagi,Haruo,Takagi,J,J,88,75,J_J,0,5
core-03589,Minoru Yoshida,Minoru,Yoshida,J,J,89,12,J_J,0,5
core-03590,Atsushi Fujii,Atsushi,Fujii,J,J,90,49,J_J,0,5
core-03591,Kachi Murata,Kachi,Murata,J,J,91,86,J_J,0,5
core-03592,Kiyo Mori,Kiyo,Mori,J,J,92,23,J_J,0,5
core-03593,Tetsuo Morita,Tetsuo,Morita,J,J,93,60,J_J,0,5
core-03594,Yoshihiro Sugawara,Yoshihiro,Sugawara,J,J,94,97,J_J,0,5
core-03595,Kunio Maeda,Kunio,Maeda,J,J,95,34,J_J,0,5
core-03596,Yutaka Yokoyama,Yutaka,Yokoyama,J,J,96,71,J_J,0,5
core-03597,Taeko Nakamura,Taeko,Nakamura,J,J,97,8,J_J,0,5
core-03598,Tatsuo Endo,Tatsuo,Endo,J,J,98,45,J_J,0,5
core-03599,Tadao Sugiyama,Tadao,Sugiyama,J,J,99,82,J_J,0,5
core-03600,Yukie Shimizu,Yukie,Shimizu,J,J,100,19,J_J,0,5
core-03601,Kenji Hara,Kenji,Hara,J,J,1,67,J_J,0,6
core-03602,Hiroshi Watanabe,Hiroshi,Watanabe,J,J,2,4,J_J,0,6
core-03603,Shigeru Ota,Shigeru,Ota,J,J,3,41,J_J,0,6
core-03604,Sachiko Ueno,Sachiko,Ueno,J,J,4,78,J_J,0,6
core-03605,Masako Matsumoto,Masako,Matsumoto,J,J,5,15,J_J,0,6
core-03606,Katsumi Nishimura,Katsumi,Nishimura,J,J,6,52,J_J,0,6
core-03607,Yoko Otsuka,Yoko,Otsuka,J,J,7,89,J_J,0,6
core-03608,Michiko Ikeda,Michiko,Ikeda,J,J,8,26,J_J,0,6
core-03609,Toshio Ishida,Toshio,Ishida,J,J,9,63,J_J,0,6
core-03610,Yoshiko Nomura,Yoshiko,Nomura,J,J,10,100,J_J,0,6
core-03611,Hiromi Fujita,Hiromi,Fujita,J,J,11,37,J_J,0,6
core-03612,Hiroko Koyama,Hiroko,Koyama,J,J,12,74,J_J,0,6
core-03613,Yoshio Kato,Yoshio,Kato,J,J,13,11,J_J,0,6
core-03614,Kazuo Nakano,Kazuo,Nakano,J,J,14,48,J_J,0,6
core-03615,Akira Kono,Akira,Kono,J,J,15,85,J_J,0,6
core-03616,Keiko Ono,Keiko,Ono,J,J,16,22,J_J,0,6
core-03617,Hisako Kojima,Hisako,Kojima,J,J,17,59,J_J,0,6
core-03618,Yoshimi Kubo,Yoshimi,Kubo,J,J,18,96,J_J,0,6
core-03619,Fumiko Goto,Fumiko,Goto,J,J,19,33,J_J,0,6
core-03620,Masao Shimada,Masao,Shimada,J,J,20,70,J_J,0,6
core-03621,Toshiko Yamamoto,Toshiko,Yamamoto,J,J,21,7,J_J,0,6
core-03622,Kiyoshi Arai,Kiyoshi,Arai,J,J,22,44,J_J,0,6
core-03623,Takashi Kudo,Takashi,Kudo,J,J,23,81,J_J,0,6
core-03624,Yukio Kimura,Yukio,Kimura,J,J,24,18,J_J,0,6
core-03625,Hideo Fujiwara,Hideo,Fujiwara,J,J,25,55,J_J,0,6
core-03626,Koshi Matsui,Koshi,Matsui,J,J,26,92,J_J,0,6
core-03627,Yasuko Yamashita,Yasuko,Yamashita,J,J,27,29,J_J,0,6
core-03628,Koichi Masuda,Koichi,Masuda,J,J,28,66,J_J,0,6
core-03629,Reiko Tanaka,Reiko,Tanaka,J,J,29,3,J_J,0,6
core-03630,Koji Murakami,Koji,Murakami,J,J,30,40,J_J,0,6
core-03631,Takeshi Taniguchi,Takeshi,Taniguchi,J,J,31,77,J_J,0,6
core-03632,Takako Sasaki,Takako,Sasaki,J,J,32,14,J_J,0,6
core-03633,Tadashi Kaneko,Tadashi,Kaneko,J,J,33,51,J_J,0,6
core-03634,Miyoko Hirano,Miyoko,Hirano,J,J,34,88,J_J,0,6
core-03635,Tomiko Hashimoto,Tomiko,Hashimoto,J,J,35,25,J_J,0,6
core-03636,Emiko Nakayama,Emiko,Nakayama,J,J,36,62,J_J,0,6
core-03637,Shizuko Takada,Shizuko,Takada,J,J,37,99,J_J,0,6
core-03638,Noriko Hasegawa,Noriko,Hasegawa,J,J,38,36,J_J,0,6
core-03639,Yuko Honda,Yuko,Honda,J,J,39,73,J_J,0,6
core-03640,Kiyoko Saito,Kiyoko,Saito,J,J,40,10,J_J,0,6
core-03641,Ko Takeuchi,Ko,Takeuchi,J,J,41,47,J_J,0,6
core-03642,Nobuko Kawamura,Nobuko,Kawamura,J,J,42,84,J_J,0,6
core-03643,Mieko Abe,Mieko,Abe,J,J,43,21,J_J,0,6
core-03644,Yoshie Matsuda,Yoshie,Matsuda,J,J,44,58,J_J,0,6
core-03645,Shoji Ida,Shoji,Ida,J,J,45,95,J_J,0,6
core-03646,Masami Sakamoto,Masami,Sakamoto,J,J,46,32,J_J,0,6
core-03647,Teruko Uchida,Teruko,Uchida,J,J,47,69,J_J,0,6
core-03648,Mitsuo Ito,Mitsuo,Ito,J,J,48,6,J_J,0,6
core-03649,Ryoko Ueda,Ryoko,Ueda,J,J,49,43,J_J,0,6
core-03650,Yasuo Maruyama,Yasuo,Maruyama,J,J,50,80,J_J,0,6
core-03651,Chiyoko Inoue,Chiyoko,Inoue,J,J,51,17,J_J,0,6
core-03652,Kazue Nakagawa,Kazue,Nakagawa,J,J,52,54,J_J,0,6
core-03653,Chieko Takeda,Chieko,Takeda,J,J,53,91,J_J,0,6
core-03654,Sumiko Ishikawa,Sumiko,Ishikawa,J,J,54,28,J_J,0,6
core-03655,Hiroyuki Shibata,Hiroyuki,Shibata,J,J,55,65,J_J,0,6
core-03656,Akiko Suzuki,Akiko,Suzuki,J,J,56,2,J_J,0,6
core-03657,Shigeo Sakai,Shigeo,Sakai,J,J,57,39,J_J,0,6
core-03658,Susumu Miyazaki,Susumu,Miyazaki,J,J,58,76,J_J,0,6
core-03659,Etsuko Yamada,Etsuko,Yamada,J,J,59,13,J_J,0,6
core-03660,Akio Fukuda,Akio,Fukuda,J,J,60,50,J_J,0,6
core-03661,Shigeko Kubota,Shigeko,Kubota,J,J,61,87,J_J,0,6
core-03662,Isamu Nakajima,Isamu,Nakajima,J,J,62,24,J_J,0,6
core-03663,Shizue Tamura,Shizue,Tamura,J,J,63,61,J_J,0,6
core-03664,Kenichi Kinoshita,Kenichi,Kinoshita,J,J,64,98,J_J,0,6
core-03665,Masaki Okada,Masaki,Okada,J,J,65,35,J_J,0,6
core-03666,Yaeko Miyamoto,Yaeko,Miyamoto,J,J,66,72,J_J,0,6
core-03667,Aiko Kobayashi,Aiko,Kobayashi,J,J,67,9,J_J,0,6
core-03668,Masahiro Aoki,Masahiro,Aoki,J,J,68,46,J_J,0,6
core-03669,Shinichi Fujimoto,Shinichi,Fujimoto,J,J,69,83,J_J,0,6
core-03670,Shoichi Hayashi,Shoichi,Hayashi,J,J,70,20,J_J,0,6
core-03671,Jitsu Harada,Jitsu,Harada,J,J,71,57,J_J,0,6
core-03672,Osamu Chiba,Osamu,Chiba,J,J,72,94,J_J,0,6
core-03673,Tomoko Ishii,Tomoko,Ishii,J,J,73,31,J_J,0,6
core-03674,Sadako Ando,Sadako,Ando,J,J,74,68,J_J,0,6
core-03675,Masayuki Takahashi,Masayuki,Takahashi,J,J,75,5,J_J,0,6
core-03676,Takeo Kikuchi,Takeo,Kikuchi,J,J,76,42,J_J,0,6
core-03677,Takao Imai,Takao,Imai,J,J,77,79,J_J,0,6
core-03678,Hideko Yamaguchi,Hideko,Yamaguchi,J,J,78,16,J_J,0,6
core-03679,Tsutomu Okamoto,Tsutomu,Okamoto,J,J,79,53,J_J,0,6
core-03680,Makoto Noguchi,Makoto,Noguchi,J,J,80,90,J_J,0,6
core-03681,Yoshiaki Yamazaki,Yoshiaki,Yamazaki,J,J,81,27,J_J,0,6
core-03682,Yuki Wada,Yuki,Wada,J,J,82,64,J_J,0,6
core-03683,Haruko Sato,Haruko,Sato,J,J,83,1,J_J,0,6
core-03684,Ayako Kondo,Ayako,Kondo,J,J,84,38,J_J,0,6
core-03685,Yuji Takagi,Yuji,Takagi,J,J,85,75,J_J,0,6
core-03686,Kimiko Yoshida,Kimiko,Yoshida,J,J,86,12,J_J,0,6
core-03687,Asahi Fujii,Asahi,Fujii,J,J,87,49,J_J,0,6
core-03688,Haruo Murata,Haruo,Murata,J,J,88,86,J_J,0,6
core-03689,Minoru Mori,Minoru,Mori,J,J,89,23,J_J,0,6
core-03690,Atsushi Morita,Atsushi,Morita,J,J,90,60,J_J,0,6
core-03691,Kachi Sugawara,Kachi,Sugawara,J,J,91,97,J_J,0,6
core-03692,Kiyo Maeda,Kiyo,Maeda,J,J,92,34,J_J,0,6
core-03693,Tetsuo Yokoyama,Tetsuo,Yokoyama,J,J,93,71,J_J,0,6
core-03694,Yoshihiro Nakamura,Yoshihiro,Nakamura,J,J,94,8,J_J,0,6
core-03695,Kunio Endo,Kunio,Endo,J,J,95,45,J_J,0,6
core-03696,Yutaka Sugiyama,Yutaka,Sugiyama,J,J,96,82,J_J,0,6
core-03697,Taeko Shimizu,Taeko,Shimizu,J,J,97,19,J_J,0,6
core-03698,Tatsuo Miura,Tatsuo,Miura,J,J,98,56,J_J,0,6
core-03699,Tadao Sakurai,Tadao,Sakurai,J,J,99,93,J_J,0,6
core-03700,Yukie Ogawa,Yukie,Ogawa,J,J,100,30,J_J,0,6
core-03701,Kenji Ueno,Kenji,Ueno,J,J,1,78,J_J,0,7
core-03702,Hiroshi Matsumoto,Hiroshi,Matsumoto,J,J,2,15,J_J,0,7
core-03703,Shigeru Nishimura,Shigeru,Nishimura,J,J,3,52,J_J,0,7
core-03704,Sachiko Otsuka,Sachiko,Otsuka,J,J,4,89,J_J,0,7
core-03705,Masako Ikeda,Masako,Ikeda,J,J,5,26,J_J,0,7
core-03706,Katsumi Ishida,Katsumi,Ishida,J,J,6,63,J_J,0,7
core-03707,Yoko Nomura,Yoko,Nomura,J,J,7,100,J_J,0,7
core-03708,Michiko Fujita,Michiko,Fujita,J,J,8,37,J_J,0,7
core-03709,Toshio Koyama,Toshio,Koyama,J,J,9,74,J_J,0,7
core-03710,Yoshiko Kato,Yoshiko,Kato,J,J,10,11,J_J,0,7
core-03711,Hiromi Nakano,Hiromi,Nakano,J,J,11,48,J_J,0,7
core-03712,Hiroko Kono,Hiroko,Kono,J,J,12,85,J_J,0,7
core-03713,Yoshio Ono,Yoshio,Ono,J,J,13,22,J_J,0,7
core-03714,Kazuo Kojima,Kazuo,Kojima,J,J,14,59,J_J,0,7
core-03715,Akira Kubo,Akira,Kubo,J,J,15,96,J_J,0,7
core-03716,Keiko Goto,Keiko,Goto,J,J,16,33,J_J,0,7
core-03717,Hisako Shimada,Hisako,Shimada,J,J,17,70,J_J,0,7
core-03718,Yoshimi Yamamoto,Yoshimi,Yamamoto,J,J,18,7,J_J,0,7
core-03719,Fumiko Arai,Fumiko,Arai,J,J,19,44,J_J,0,7
core-03720,Masao Kudo,Masao,Kudo,J,J,20,81,J_J,0,7
core-03721,Toshiko Kimura,Toshiko,Kimura,J,J,21,18,J_J,0,7
core-03722,Kiyoshi Fujiwara,Kiyoshi,Fujiwara,J,J,22,55,J_J,0,7
core-03723,Takashi Matsui,Takashi,Matsui,J,J,23,92,J_J,0,7
core-03724,Yukio Yamashita,Yukio,Yamashita,J,J,24,29,J_J,0,7
core-03725,Hideo Masuda,Hideo,Masuda,J,J,25,66,J_J,0,7
core-03726,Koshi Tanaka,Koshi,Tanaka,J,J,26,3,J_J,0,7
core-03727,Yasuko Murakami,Yasuko,Murakami,J,J,27,40,J_J,0,7
core-03728,Koichi Taniguchi,Koichi,Taniguchi,J,J,28,77,J_J,0,7
core-03729,Reiko Sasaki,Reiko,Sasaki,J,J,29,14,J_J,0,7
core-03730,Koji Kaneko,Koji,Kaneko,J,J,30,51,J_J,0,7
core-03731,Takeshi Hirano,Takeshi,Hirano,J,J,31,88,J_J,0,7
core-03732,Takako Hashimoto,Takako,Hashimoto,J,J,32,25,J_J,0,7
core-03733,Tadashi Nakayama,Tadashi,Nakayama,J,J,33,62,J_J,0,7
core-03734,Miyoko Takada,Miyoko,Takada,J,J,34,99,J_J,0,7
core-03735,Tomiko Hasegawa,Tomiko,Hasegawa,J,J,35,36,J_J,0,7
core-03736,Emiko Honda,Emiko,Honda,J,J,36,73,J_J,0,7
core-03737,Shizuko Saito,Shizuko,Saito,J,J,37,10,J_J,0,7
core-03738,Noriko Takeuchi,Noriko,Takeuchi,J,J,38,47,J_J,0,7
core-03739,Yuko Kawamura,Yuko,Kawamura,J,J,39,84,J_J,0,7
core-03740,Kiyoko Abe,Kiyoko,Abe,J,J,40,21,J_J,0,7
core-03741,Ko Matsuda,Ko,Matsuda,J,J,41,58,J_J,0,7
core-03742,Nobuko Ida,Nobuko,Ida,J,J,42,95,J_J,0,7
core-03743,Mieko Sakamoto,Mieko,Sakamoto,J,J,43,32,J_J,0,7
core-03744,Yoshie Uchida,Yoshie,Uchida,J,J,44,69,J_J,0,7
core-03745,Shoji Ito,Shoji,Ito,J,J,45,6,J_J,0,7
core-03746,Masami Ueda,Masami,Ueda,J,J,46,43,J_J,0,7
core-03747,Teruko Maruyama,Teruko,Maruyama,J,J,47,80,J_J,0,7
core-03748,Mitsuo Inoue,Mitsuo,Inoue,J,J,48,17,J_J,0,7
core-03749,Ryoko Nakagawa,Ryoko,Nakagawa,J,J,49,54,J_J,0,7
core-03750,Yasuo Takeda,Yasuo,Takeda,J,J,50,91,J_J,0,7
core-03751,Chiyoko Ishikawa,Chiyoko,Ishikawa,J,J,51,28,J_J,0,7
core-03752,Kazue Shibata,Kazue,Shibata,J,J,52,65,J_J,0,7
core-03753,Chieko Suzuki,Chieko,Suzuki,J,J,53,2,J_J,0,7
core-03754,Sumiko Sakai,Sumiko,Sakai,J,J,54,39,J_J,0,7
core-03755,Hiroyuki Miyazaki,Hiroyuki,Miyazaki,J,J,55,76,J_J,0,7
core-03756,Akiko Yamada,Akiko,Yamada,J,J,56,13,J_J,0,7
core-03757,Shigeo Fukuda,Shigeo,Fukuda,J,J,57,50,J_J,0,7
core-03758,Susumu Kubota,Susumu,Kubota,J,J,58,87,J_J,0,7
core-03759,Etsuko Nakajima,Etsuko,Nakajima,J,J,59,24,J_J,0,7
core-03760,Akio Tamura,Akio,Tamura,J,J,60,61,J_J,0,7
core-03761,Shigeko Kinoshita,Shigeko,Kinoshita,J,J,61,98,J_J,0,7
core-03762,Isamu Okada,Isamu,Okada,J,J,62,35,J_J,0,7
core-03763,Shizue Miyamoto,Shizue,Miyamoto,J,J,63,72,J_J,0,7
core-03764,Kenichi Kobayashi,Kenichi,Kobayashi,J,J,64,9,J_J,0,7
core-03765,Masaki Aoki,Masaki,Aoki,J,J,65,46,J_J,0,7
core-03766,Yaeko Fujimoto,Yaeko,Fujimoto,J,J,66,83,J_J,0,7
core-03767,Aiko Hayashi,Aiko,Hayashi,J,J,67,20,J_J,0,7
core-03768,Masahiro Harada,Masahiro,Harada,J,J,68,57,J_J,0,7
core-03769,Shinichi Chiba,Shinichi,Chiba,J,J,69,94,J_J,0,7
core-03770,Shoichi Ishii,Shoichi,Ishii,J,J,70,31,J_J,0,7
core-03771,Jitsu Ando,Jitsu,Ando,J,J,71,68,J_J,0,7
core-03772,Osamu Takahashi,Osamu,Takahashi,J,J,72,5,J_J,0,7
core-03773,Tomoko Kikuchi,Tomoko,Kikuchi,J,J,73,42,J_J,0,7
core-03774,Sadako Imai,Sadako,Imai,J,J,74,79,J_J,0,7
core-03775,Masayuki Yamaguchi,Masayuki,Yamaguchi,J,J,75,16,J_J,0,7
core-03776,Takeo Okamoto,Takeo,Okamoto,J,J,76,53,J_J,0,7
core-03777,Takao Noguchi,Takao,Noguchi,J,J,77,90,J_J,0,7
core-03778,Hideko Yamazaki,Hideko,Yamazaki,J,J,78,27,J_J,0,7
core-03779,Tsutomu Wada,Tsutomu,Wada,J,J,79,64,J_J,0,7
core-03780,Makoto Sato,Makoto,Sato,J,J,80,1,J_J,0,7
core-03781,Yoshiaki Kondo,Yoshiaki,Kondo,J,J,81,38,J_J,0,7
core-03782,Yuki Takagi,Yuki,Takagi,J,J,82,75,J_J,0,7
core-03783,Haruko Yoshida,Haruko,Yoshida,J,J,83,12,J_J,0,7
core-03784,Ayako Fujii,Ayako,Fujii,J,J,84,49,J_J,0,7
core-03785,Yuji Murata,Yuji,Murata,J,J,85,86,J_J,0,7
core-03786,Kimiko Mori,Kimiko,Mori,J,J,86,23,J_J,0,7
core-03787,Asahi Morita,Asahi,Morita,J,J,87,60,J_J,0,7
core-03788,Haruo Sugawara,Haruo,Sugawara,J,J,88,97,J_J,0,7
core-03789,Minoru Maeda,Minoru,Maeda,J,J,89,34,J_J,0,7
core-03790,Atsushi Yokoyama,Atsushi,Yokoyama,J,J,90,71,J_J,0,7
core-03791,Kachi Nakamura,Kachi,Nakamura,J,J,91,8,J_J,0,7
core-03792,Kiyo Endo,Kiyo,Endo,J,J,92,45,J_J,0,7
core-03793,Tetsuo Sugiyama,Tetsuo,Sugiyama,J,J,93,82,J_J,0,7
core-03794,Yoshihiro Shimizu,Yoshihiro,Shimizu,J,J,94,19,J_J,0,7
core-03795,Kunio Miura,Kunio,Miura,J,J,95,56,J_J,0,7
core-03796,Yutaka Sakurai,Yutaka,Sakurai,J,J,96,93,J_J,0,7
core-03797,Taeko Ogawa,Taeko,Ogawa,J,J,97,30,J_J,0,7
core-03798,Tatsuo Hara,Tatsuo,Hara,J,J,98,67,J_J,0,7
core-03799,Tadao Watanabe,Tadao,Watanabe,J,J,99,4,J_J,0,7
core-03800,Yukie Ota,Yukie,Ota,J,J,100,41,J_J,0,7
core-03801,Kenji Otsuka,Kenji,Otsuka,J,J,1,89,J_J,0,8
core-03802,Hiroshi Ikeda,Hiroshi,Ikeda,J,J,2,26,J_J,0,8
core-03803,Shigeru Ishida,Shigeru,Ishida,J,J,3,63,J_J,0,8
core-03804,Sachiko Nomura,Sachiko,Nomura,J,J,4,100,J_J,0,8
core-03805,Masako Fujita,Masako,Fujita,J,J,5,37,J_J,0,8
core-03806,Katsumi Koyama,Katsumi,Koyama,J,J,6,74,J_J,0,8
core-03807,Yoko Kato,Yoko,Kato,J,J,7,11,J_J,0,8
core-03808,Michiko Nakano,Michiko,Nakano,J,J,8,48,J_J,0,8
core-03809,Toshio Kono,Toshio,Kono,J,J,9,85,J_J,0,8
core-03810,Yoshiko Ono,Yoshiko,Ono,J,J,10,22,J_J,0,8
core-03811,Hiromi Kojima,Hiromi,Kojima,J,J,11,59,J_J,0,8
core-03812,Hiroko Kubo,Hiroko,Kubo,J,J,12,96,J_J,0,8
core-03813,Yoshio Goto,Yoshio,Goto,J,J,13,33,J_J,0,8
core-03814,Kazuo Shimada,Kazuo,Shimada,J,J,14,70,J_J,0,8
core-03815,Akira Yamamoto,Akira,Yamamoto,J,J,15,7,J_J,0,8
core-03816,Keiko Arai,Keiko,Arai,J,J,16,44,J_J,0,8
core-03817,Hisako Kudo,Hisako,Kudo,J,J,17,81,J_J,0,8
core-03818,Yoshimi Kimura,Yoshimi,Kimura,J,J,18,18,J_J,0,8
core-03819,Fumiko Fujiwara,Fumiko,Fujiwara,J,J,19,55,J_J,0,8
core-03820,Masao Matsui,Masao,Matsui,J,J,20,92,J_J,0,8
core-03821,Toshiko Yamashita,Toshiko,Yamashita,J,J,21,29,J_J,0,8
core-03822,Kiyoshi Masuda,Kiyoshi,Masuda,J,J,22,66,J_J,0,8
core-03823,Takashi Tanaka,Takashi,Tanaka,J,J,23,3,J_J,0,8
core-03824,Yukio Murakami,Yukio,Murakami,J,J,24,40,J_J,0,8
core-03825,Hideo Taniguchi,Hideo,Taniguchi,J,J,25,77,J_J,0,8
core-03826,Koshi Sasaki,Koshi,Sasaki,J,J,26,14,J_J,0,8
core-03827,Yasuko Kaneko,Yasuko,Kaneko,J,J,27,51,J_J,0,8
core-03828,Koichi Hirano,Koichi,Hirano,J,J,28,88,J_J,0,8
core-03829,Reiko Hashimoto,Reiko,Hashimoto,J,J,29,25,J_J,0,8
core-03830,Koji Nakayama,Koji,Nakayama,J,J,30,62,J_J,0,8
core-03831,Takeshi Takada,Takeshi,Takada,J,J,31,99,J_J,0,8
core-03832,Takako Hasegawa,Takako,Hasegawa,J,J,32,36,J_J,0,8
core-03833,Tadashi Honda,Tadashi,Honda,J,J,33,73,J_J,0,8
core-03834,Miyoko Saito,Miyoko,Saito,J,J,34,10,J_J,0,8
core-03835,Tomiko Takeuchi,Tomiko,Takeuchi,J,J,35,47,J_J,0,8
core-03836,Emiko Kawamura,Emiko,Kawamura,J,J,36,84,J_J,0,8
core-03837,Shizuko Abe,Shizuko,Abe,J,J,37,21,J_J,0,8
core-03838,Noriko Matsuda,Noriko,Matsuda,J,J,38,58,J_J,0,8
core-03839,Yuko Ida,Yuko,Ida,J,J,39,95,J_J,0,8
core-03840,Kiyoko Sakamoto,Kiyoko,Sakamoto,J,J,40,32,J_J,0,8
core-03841,Ko Uchida,Ko,Uchida,J,J,41,69,J_J,0,8
core-03842,Nobuko Ito,Nobuko,Ito,J,J,42,6,J_J,0,8
core-03843,Mieko Ueda,Mieko,Ueda,J,J,43,43,J_J,0,8
core-03844,Yoshie Maruyama,Yoshie,Maruyama,J,J,44,80,J_J,0,8
core-03845,Shoji Inoue,Shoji,Inoue,J,J,45,17,J_J,0,8
core-03846,Masami Nakagawa,Masami,Nakagawa,J,J,46,54,J_J,0,8
core-03847,Teruko Takeda,Teruko,Takeda,J,J,47,91,J_J,0,8
core-03848,Mitsuo Ishikawa,Mitsuo,Ishikawa,J,J,48,28,J_J,0,8
core-03849,Ryoko Shibata,Ryoko,Shibata,J,J,49,65,J_J,0,8
core-03850,Yasuo Suzuki,Yasuo,Suzuki,J,J,50,2,J_J,0,8
core-03851,Chiyoko Sakai,Chiyoko,Sakai,J,J,51,39,J_J,0,8
core-03852,Kazue Miyazaki,Kazue,Miyazaki,J,J,52,76,J_J,0,8
core-03853,Chieko Yamada,Chieko,Yamada,J,J,53,13,J_J,0,8
core-03854,Sumiko Fukuda,Sumiko,Fukuda,J,J,54,50,J_J,0,8
core-03855,Hiroyuki Kubota,Hiroyuki,Kubota,J,J,55,87,J_J,0,8
core-03856,Akiko Nakajima,Akiko,Nakajima,J,J,56,24,J_J,0,8
core-03857,Shigeo Tamura,Shigeo,Tamura,J,J,57,61,J_J,0,8
core-03858,Susumu Kinoshita,Susumu,Kinoshita,J,J,58,98,J_J,0,8
core-03859,Etsuko Okada,Etsuko,Okada,J,J,59,35,J_J,0,8
core-03860,Akio Miyamoto,Akio,Miyamoto,J,J,60,72,J_J,0,8
core-03861,Shigeko Kobayashi,Shigeko,Kobayashi,J,J,61,9,J_J,0,8
core-03862,Isamu Aoki,Isamu,Aoki,J,J,62,46,J_J,0,8
core-03863,Shizue Fujimoto,Shizue,Fujimoto,J,J,63,83,J_J,0,8
core-03864,Kenichi Hayashi,Kenichi,Hayashi,J,J,64,20,J_J,0,8
core-03865,Masaki Harada,Masaki,Harada,J,J,65,57,J_J,0,8
core-03866,Yaeko Chiba,Yaeko,Chiba,J,J,66,94,J_J,0,8
core-03867,Aiko Ishii,Aiko,Ishii,J,J,67,31,J_J,0,8
core-03868,Masahiro Ando,Masahiro,Ando,J,J,68,68,J_J,0,8
core-03869,Shinichi Takahashi,Shinichi,Takahashi,J,J,69,5,J_J,0,8
core-03870,Shoichi Kikuchi,Shoichi,Kikuchi,J,J,70,42,J_J,0,8
core-03871,Jitsu Imai,Jitsu,Imai,J,J,71,79,J_J,0,8
core-03872,Osamu Yamaguchi,Osamu,Yamaguchi,J,J,72,16,J_J,0,8
core-03873,Tomoko Okamoto,Tomoko,Okamoto,J,J,73,53,J_J,0,8
core-03874,Sadako Noguchi,Sadako,Noguchi,J,J,74,90,J_J,0,8
core-03875,Masayuki Yamazaki,Masayuki,Yamazaki,J,J,75,27,J_J,0,8
core-03876,Takeo Wada,Takeo,Wada,J,J,76,64,J_J,0,8
core-03877,Takao Sato,Takao,Sato,J,J,77,1,J_J,0,8
core-03878,Hideko Kondo,Hideko,Kondo,J,J,78,38,J_J,0,8
core-03879,Tsutomu Takagi,Tsutomu,Takagi,J,J,79,75,J_J,0,8
core-03880,Makoto Yoshida,Makoto,Yoshida,J,J,80,12,J_J,0,8
core-03881,Yoshiaki Fujii,Yoshiaki,Fujii,J,J,81,49,J_J,0,8
core-03882,Yuki Murata,Yuki,Murata,J,J,82,86,J_J,0,8
core-03883,Haruko Mori,Haruko,Mori,J,J,83,23,J_J,0,8
core-03884,Ayako Morita,Ayako,Morita,J,J,84,60,J_J,0,8
core-03885,Yuji Sugawara,Yuji,Sugawara,J,J,85,97,J_J,0,8
core-03886,Kimiko Maeda,Kimiko,Maeda,J,J,86,34,J_J,0,8
core-03887,Asahi Yokoyama,Asahi,Yokoyama,J,J,87,71,J_J,0,8
core-03888,Haruo Nakamura,Haruo,Nakamura,J,J,88,8,J_J,0,8
core-03889,Minoru Endo,Minoru,Endo,J,J,89,45,J_J,0,8
core-03890,Atsushi Sugiyama,Atsushi,Sugiyama,J,J,90,82,J_J,0,8
core-03891,Kachi Shimizu,Kachi,Shimizu,J,J,91,19,J_J,0,8
core-03892,Kiyo Miura,Kiyo,Miura,J,J,92,56,J_J,0,8
core-03893,Tetsuo Sakurai,Tetsuo,Sakurai,J,J,93,93,J_J,0,8
core-03894,Yoshihiro Ogawa,Yoshihiro,Ogawa,J,J,94,30,J_J,0,8
core-03895,Kunio Hara,Kunio,Hara,J,J,95,67,J_J,0,8
core-03896,Yutaka Watanabe,Yutaka,Watanabe,J,J,96,4,J_J,0,8
core-03897,Taeko Ota,Taeko,Ota,J,J,97,41,J_J,0,8
core-03898,Tatsuo Ueno,Tatsuo,Ueno,J,J,98,78,J_J,0,8
core-03899,Tadao Matsumoto,Tadao,Matsumoto,J,J,99,15,J_J,0,8
core-03900,Yukie Nishimura,Yukie,Nishimura,J,J,100,52,J_J,0,8
core-03901,Kenji Nomura,Kenji,Nomura,J,J,1,100,J_J,0,9
core-03902,Hiroshi Fujita,Hiroshi,Fujita,J,J,2,37,J_J,0,9
core-03903,Shigeru Koyama,Shigeru,Koyama,J,J,3,74,J_J,0,9
core-03904,Sachiko Kato,Sachiko,Kato,J,J,4,11,J_J,0,9
core-03905,Masako Nakano,Masako,Nakano,J,J,5,48,J_J,0,9
core-03906,Katsumi Kono,Katsumi,Kono,J,J,6,85,J_J,0,9
core-03907,Yoko Ono,Yoko,Ono,J,J,7,22,J_J,0,9
core-03908,Michiko Kojima,Michiko,Kojima,J,J,8,59,J_J,0,9
core-03909,Toshio Kubo,Toshio,Kubo,J,J,9,96,J_J,0,9
core-03910,Yoshiko Goto,Yoshiko,Goto,J,J,10,33,J_J,0,9
core-03911,Hiromi Shimada,Hiromi,Shimada,J,J,11,70,J_J,0,9
core-03912,Hiroko Yamamoto,Hiroko,Yamamoto,J,J,12,7,J_J,0,9
core-03913,Yoshio Arai,Yoshio,Arai,J,J,13,44,J_J,0,9
core-03914,Kazuo Kudo,Kazuo,Kudo,J,J,14,81,J_J,0,9
core-03915,Akira Kimura,Akira,Kimura,J,J,15,18,J_J,0,9
core-03916,Keiko Fujiwara,Keiko,Fujiwara,J,J,16,55,J_J,0,9
core-03917,Hisako Matsui,Hisako,Matsui,J,J,17,92,J_J,0,9
core-03918,Yoshimi Yamashita,Yoshimi,Yamashita,J,J,18,29,J_J,0,9
core-03919,Fumiko Masuda,Fumiko,Masuda,J,J,19,66,J_J,0,9
core-03920,Masao Tanaka,Masao,Tanaka,J,J,20,3,J_J,0,9
core-03921,Toshiko Murakami,Toshiko,Murakami,J,J,21,40,J_J,0,9
core-03922,Kiyoshi Taniguchi,Kiyoshi,Taniguchi,J,J,22,77,J_J,0,9
core-03923,Takashi Sasaki,Takashi,Sasaki,J,J,23,14,J_J,0,9
core-03924,Yukio Kaneko,Yukio,Kaneko,J,J,24,51,J_J,0,9
core-03925,Hideo Hirano,Hideo,Hirano,J,J,25,88,J_J,0,9
core-03926,Koshi Hashimoto,Koshi,Hashimoto,J,J,26,25,J_J,0,9
core-03927,Yasuko Nakayama,Yasuko,Nakayama,J,J,27,62,J_J,0,9
core-03928,Koichi Takada,Koichi,Takada,J,J,28,99,J_J,0,9
core-03929,Reiko Hasegawa,Reiko,Hasegawa,J,J,29,36,J_J,0,9
core-03930,Koji Honda,Koji,Honda,J,J,30,73,J_J,0,9
core-03931,Takeshi Saito,Takeshi,Saito,J,J,31,10,J_J,0,9
core-03932,Takako Takeuchi,Takako,Takeuchi,J,J,32,47,J_J,0,9
core-03933,Tadashi Kawamura,Tadashi,Kawamura,J,J,33,84,J_J,0,9
core-03934,Miyoko Abe,Miyoko,Abe,J,J,34,21,J_J,0,9
core-03935,Tomiko Matsuda,Tomiko,Matsuda,J,J,35,58,J_J,0,9
core-03936,Emiko Ida,Emiko,Ida,J,J,36,95,J_J,0,9
core-03937,Shizuko Sakamoto,Shizuko,Sakamoto,J,J,37,32,J_J,0,9
core-03938,Noriko Uchida,Noriko,Uchida,J,J,38,69,J_J,0,9
core-03939,Yuko Ito,Yuko,Ito,J,J,39,6,J_J,0,9
core-03940,Kiyoko Ueda,Kiyoko,Ueda,J,J,40,43,J_J,0,9
core-03941,Ko Maruyama,Ko,Maruyama,J,J,41,80,J_J,0,9
core-03942,Nobuko Inoue,Nobuko,Inoue,J,J,42,17,J_J,0,9
core-03943,Mieko Nakagawa,Mieko,Nakagawa,J,J,43,54,J_J,0,9
core-03944,Yoshie Takeda,Yoshie,Takeda,J,J,44,91,J_J,0,9
core-03945,Shoji Ishikawa,Shoji,Ishikawa,J,J,45,28,J_J,0,9
core-03946,Masami Shibata,Masami,Shibata,J,J,46,65,J_J,0,9
core-03947,Teruko Suzuki,Teruko,Suzuki,J,J,47,2,J_J,0,9
core-03948,Mitsuo Sakai,Mitsuo,Sakai,J,J,48,39,J_J,0,9
core-03949,Ryoko Miyazaki,Ryoko,Miyazaki,J,J,49,76,J_J,0,9
core-03950,Yasuo Yamada,Yasuo,Yamada,J,J,50,13,J_J,0,9
core-03951,Chiyoko Fukuda,Chiyoko,Fukuda,J,J,51,50,J_J,0,9
core-03952,Kazue Kubota,Kazue,Kubota,J,J,52,87,J_J,0,9
core-03953,Chieko Nakajima,Chieko,Nakajima,J,J,53,24,J_J,0,9
core-03954,Sumiko Tamura,Sumiko,Tamura,J,J,54,61,J_J,0,9
core-03955,Hiroyuki Kinoshita,Hiroyuki,Kinoshita,J,J,55,98,J_J,0,9
core-03956,Akiko Okada,Akiko,Okada,J,J,56,35,J_J,0,9
core-03957,Shigeo Miyamoto,Shigeo,Miyamoto,J,J,57,72,J_J,0,9
core-03958,Susumu Kobayashi,Susumu,Kobayashi,J,J,58,9,J_J,0,9
core-03959,Etsuko Aoki,Etsuko,Aoki,J,J,59,46,J_J,0,9
core-03960,Akio Fujimoto,Akio,Fujimoto,J,J,60,83,J_J,0,9
core-03961,Shigeko Hayashi,Shigeko,Hayashi,J,J,61,20,J_J,0,9
core-03962,Isamu Harada,Isamu,Harada,J,J,62,57,J_J,0,9
core-03963,Shizue Chiba,Shizue,Chiba,J,J,63,94,J_J,0,9
core-03964,Kenichi Ishii,Kenichi,Ishii,J,J,64,31,J_J,0,9
core-03965,Masaki Ando,Masaki,Ando,J,J,65,68,J_J,0,9
core-03966,Yaeko Takahashi,Yaeko,Takahashi,J,J,66,5,J_J,0,9
core-03967,Aiko Kikuchi,Aiko,Kikuchi,J,J,67,42,J_J,0,9
core-03968,Masahiro Imai,Masahiro,Imai,J,J,68,79,J_J,0,9
core-03969,Shinichi Yamaguchi,Shinichi,Yamaguchi,J,J,69,16,J_J,0,9
core-03970,Shoichi Okamoto,Shoichi,Okamoto,J,J,70,53,J_J,0,9
core-03971,Jitsu Noguchi,Jitsu,Noguchi,J,J,71,90,J_J,0,9
core-03972,Osamu Yamazaki,Osamu,Yamazaki,J,J,72,27,J_J,0,9
core-03973,Tomoko Wada,Tomoko,Wada,J,J,73,64,J_J,0,9
core-03974,Sadako Sato,Sadako,Sato,J,J,74,1,J_J,0,9
core-03975,Masayuki Kondo,Masayuki,Kondo,J,J,75,38,J_J,0,9
core-03976,Takeo Takagi,Takeo,Takagi,J,J,76,75,J_J,0,9
core-03977,Takao Yoshida,Takao,Yoshida,J,J,77,12,J_J,0,9
core-03978,Hideko Fujii,Hideko,Fujii,J,J,78,49,J_J,0,9
core-03979,Tsutomu Murata,Tsutomu,Murata,J,J,79,86,J_J,0,9
core-03980,Makoto Mori,Makoto,Mori,J,J,80,23,J_J,0,9
core-03981,Yoshiaki Morita,Yoshiaki,Morita,J,J,81,60,J_J,0,9
core-03982,Yuki Sugawara,Yuki,Sugawara,J,J,82,97,J_J,0,9
core-03983,Haruko Maeda,Haruko,Maeda,J,J,83,34,J_J,0,9
core-03984,Ayako Yokoyama,Ayako,Yokoyama,J,J,84,71,J_J,0,9
core-03985,Yuji Nakamura,Yuji,Nakamura,J,J,85,8,J_J,0,9
core-03986,Kimiko Endo,Kimiko,Endo,J,J,86,45,J_J,0,9
core-03987,Asahi Sugiyama,Asahi,Sugiyama,J,J,87,82,J_J,0,9
core-03988,Haruo Shimizu,Haruo,Shimizu,J,J,88,19,J_J,0,9
core-03989,Minoru Miura,Minoru,Miura,J,J,89,56,J_J,0,9
core-03990,Atsushi Sakurai,Atsushi,Sakurai,J,J,90,93,J_J,0,9
core-03991,Kachi Ogawa,Kachi,Ogawa,J,J,91,30,J_J,0,9
core-03992,Kiyo Hara,Kiyo,Hara,J,J,92,67,J_J,0,9
core-03993,Tetsuo Watanabe,Tetsuo,Watanabe,J,J,93,4,J_J,0,9
core-03994,Yoshihiro Ota,Yoshihiro,Ota,J,J,94,41,J_J,0,9
core-03995,Kunio Ueno,Kunio,Ueno,J,J,95,78,J_J,0,9
core-03996,Yutaka Matsumoto,Yutaka,Matsumoto,J,J,96,15,J_J,0,9
core-03997,Taeko Nishimura,Taeko,Nishimura,J,J,97,52,J_J,0,9
core-03998,Tatsuo Otsuka,Tatsuo,Otsuka,J,J,98,89,J_J,0,9
core-03999,Tadao Ikeda,Tadao,Ikeda,J,J,99,26,J_J,0,9
core-04000,Yukie Ishida,Yukie,Ishida,J,J,100,63,J_J,0,9
